name,buy_price,selling_price,min_profit,mean_profitability,tier
★ Shadow Daggers | Marble Fade (Factory New),81.29,131.38,30.38,False,1
AK-47 | Nightwish (Minimal Wear),28.23,41.48,7.03,False,2
SSG 08 | Dragonfire (Factory New),55.72,72.04,5.51,False,2
M4A4 | Buzz Kill (Field-Tested),70.85,87.02,3.12,False,2
Number K | The Professionals,67.95,83.46,2.99,False,2
P250 | See Ya Later (Factory New),65.03,79.87,2.86,False,2
AK-47 | Legion of Anubis (Factory New),46.36,56.95,2.05,False,2
AWP | Chromatic Aberration (Factory New),38.91,47.79,1.71,False,2
MP9 | Starlight Protector (Factory New),36.03,44.26,1.59,False,2
M4A1-S | Cyrex (Field-Tested),35.66,43.8,1.57,False,2
Street Soldier | Phoenix,35.14,43.16,1.55,False,2
Desert Eagle | Ocean Drive (Field-Tested),34.79,42.73,1.53,False,2
Desert Eagle | Code Red (Minimal Wear),34.21,42.02,1.51,False,2
AWP | Chrome Cannon (Minimal Wear),32.36,39.75,1.43,False,2
Zeus x27 | Olympus (Factory New),14.36,26.99,8.58,False,3
USP-S | Neo-Noir (Minimal Wear),21.23,34.32,7.94,False,3
Jungle Rebel | Elite Crew,21.72,33.59,6.83,False,3
Desert Eagle | Conspiracy (Factory New),16.96,27.42,6.35,False,3
M4A1-S | Mecha Industries (Field-Tested),25.4,37.32,6.32,False,3
AWP | Green Energy (Field-Tested),19.31,29.87,6.08,False,3
Trapper Aggressor | Guerrilla Warfare,23.53,32.03,3.7,False,3
AK-47 | Head Shot (Battle-Scarred),8.96,14.49,3.36,False,3
M4A4 | The Emperor (Field-Tested),13.34,19.61,3.33,False,3
B Squadron Officer | SAS,12.96,19.04,3.22,False,3
Slingshot | Phoenix,13.66,19.57,2.97,False,3
SSG 08 | Dragonfire (Field-Tested),18.73,25.5,2.95,False,3
M4A4 | 龍王 (Dragon King) (Minimal Wear),16.95,23.08,2.67,False,3
AWP | Hyper Beast (Field-Tested),26.3,34.01,2.61,False,3
The Elite Mr. Muhlik | Elite Crew,11.88,17.03,2.6,False,3
USP-S | Printstream (Field-Tested),26.15,33.81,2.59,False,3
FAMAS | Mecha Industries (Factory New),24.17,31.25,2.39,False,3
M4A1-S | Black Lotus (Factory New),23.43,30.3,2.32,False,3
AWP | Duality (Factory New),14.74,20.05,2.3,False,3
Operator | FBI SWAT,11.91,16.21,1.87,False,3
Galil AR | Chatterbox (Battle-Scarred),11.44,15.58,1.8,False,3
FAMAS | Commemoration (Field-Tested),11.01,14.99,1.73,False,3
Prof. Shahmat | Elite Crew,10.09,13.74,1.59,False,3
R8 Revolver | Amber Fade (Factory New),9.91,13.49,1.56,False,3
M4A1-S | Hyper Beast (Well-Worn),14.96,19.35,1.49,False,3
USP-S | Neo-Noir (Field-Tested),13.7,17.72,1.36,False,3
Glock-18 | Bullet Queen (Minimal Wear),30.23,37.13,1.33,False,3
Ground Rebel  | Elite Crew,13.14,17.0,1.31,False,3
MP7 | Bloodsport (Factory New),26.78,32.9,1.18,False,3
AK-47 | Head Shot (Well-Worn),11.59,14.99,1.15,False,3
Glock-18 | Nuclear Garden (Factory New),11.63,15.04,1.15,False,3
Blackwolf | Sabre,11.31,14.63,1.13,False,3
M4A4 | Royal Paladin (Field-Tested),11.32,14.64,1.12,False,3
AK-47 | Head Shot (Field-Tested),11.17,14.45,1.11,False,3
StatTrak™ AK-47 | Slate (Field-Tested),10.98,14.2,1.09,False,3
M4A4 | Neo-Noir (Minimal Wear),24.02,29.51,1.06,False,3
USP-S | The Traitor (Well-Worn),10.56,13.66,1.05,False,3
M4A1-S | Solitude (Minimal Wear),20.99,25.79,0.93,False,3
SSG 08 | Dragonfire (Minimal Wear),20.75,25.49,0.92,False,3
AWP | Chrome Cannon (Field-Tested),20.27,24.9,0.89,False,3
AWP | Neo-Noir (Field-Tested),19.16,23.54,0.85,False,3
P90 | Asiimov (Minimal Wear),18.03,22.15,0.8,False,3
Glock-18 | Neo-Noir (Field-Tested),16.66,20.47,0.74,False,3
M4A4 | Temukau (Field-Tested),15.17,18.64,0.67,False,3
AK-47 | Head Shot (Minimal Wear),14.59,17.92,0.64,False,3
P90 | Asiimov (Field-Tested),13.46,16.54,0.6,False,3
M4A4 | In Living Color (Field-Tested),13.45,16.52,0.59,False,3
R8 Revolver | Fade (Minimal Wear),13.07,16.05,0.57,False,3
AWP | Chrome Cannon (Well-Worn),12.63,15.52,0.56,False,3
Maximus | Sabre,11.71,14.39,0.52,False,3
AUG | Chameleon (Field-Tested),11.52,14.15,0.51,False,3
Enforcer | Phoenix,11.14,13.69,0.5,False,3
Markus Delrow | FBI HRT,9.32,12.69,1.47,False,4
Sticker | Winding Scorch (Foil),4.25,6.73,1.47,False,4
P2000 | Amber Fade (Factory New),7.89,10.75,1.25,False,4
MAC-10 | Saibā Oni (Factory New),6.92,9.43,1.1,False,4
UMP-45 | Crimson Foil (Minimal Wear),6.9,9.4,1.09,False,4
Five-SeveN | Angry Mob (Field-Tested),6.53,8.9,1.04,False,4
MAC-10 | Neon Rider (Minimal Wear),9.87,12.77,0.98,False,4
Rezan The Ready | Sabre,9.68,12.52,0.96,False,4
Desert Eagle | Conspiracy (Minimal Wear),9.45,12.23,0.95,False,4
Osiris | Elite Crew,9.56,12.37,0.95,False,4
AK-47 | Legion of Anubis (Minimal Wear),9.18,11.87,0.91,False,4
MAC-10 | Neon Rider (Field-Tested),9.11,11.79,0.91,False,4
AWP | Chromatic Aberration (Minimal Wear),8.82,11.41,0.88,False,4
Glock-18 | Wasteland Rebel (Minimal Wear),8.77,11.34,0.87,False,4
eSports 2013 Winter Case,8.44,10.92,0.84,False,4
StatTrak™ M4A1-S | Night Terror (Factory New),5.36,7.3,0.84,False,4
FAMAS | Commemoration (Minimal Wear),8.24,10.66,0.82,False,4
Dragomir | Sabre,8.08,10.45,0.8,False,4
MP7 | Fade (Factory New),7.86,10.17,0.78,False,4
AK-47 | Midnight Laminate (Field-Tested),7.75,10.02,0.77,False,4
AK-47 | Nightwish (Field-Tested),7.62,9.86,0.76,False,4
AK-47 | Nightwish (Well-Worn),7.63,9.86,0.75,False,4
USP-S | Cyrex (Factory New),7.46,9.65,0.74,False,4
Glock-18 | Water Elemental (Minimal Wear),7.22,9.34,0.72,False,4
Souvenir USP-S | Purple DDPAT (Factory New),7.3,9.44,0.72,False,4
AWP | Chromatic Aberration (Field-Tested),6.76,8.75,0.68,False,4
P250 | Franklin (Factory New),6.54,8.46,0.65,False,4
M4A4 | Neo-Noir (Field-Tested),6.48,8.38,0.64,False,4
USP-S | Tropical Breeze (Factory New),6.2,8.02,0.62,False,4
AK-47 | Phantom Disruptor (Minimal Wear),6.21,8.02,0.61,False,4
P250 | See Ya Later (Field-Tested),5.93,7.67,0.59,False,4
AK-47 | The Outsiders (Field-Tested),5.9,7.63,0.59,False,4
MP7 | Bloodsport (Field-Tested),5.6,7.25,0.56,False,4
Glock-18 | Bullet Queen (Field-Tested),5.33,6.9,0.54,False,4
Glock-18 | Water Elemental (Field-Tested),5.32,6.88,0.53,False,4
USP-S | Alpine Camo (Factory New),5.32,6.88,0.53,False,4
AK-47 | Legion of Anubis (Field-Tested),5.24,6.78,0.52,False,4
StatTrak™ Glock-18 | Vogue (Field-Tested),5.09,6.59,0.51,False,4
Soldier | Phoenix,7.45,9.16,0.34,False,4
AK-47 | Nightwish (Battle-Scarred),7.49,9.21,0.34,False,4
MP7 | Bloodsport (Minimal Wear),6.72,8.26,0.3,False,4
AUG | Chameleon (Minimal Wear),6.74,8.28,0.3,False,4
M4A4 | Spider Lily (Field-Tested),6.19,7.61,0.28,False,4
MAC-10 | Disco Tech (Minimal Wear),5.37,6.6,0.24,False,4
Sticker | Bolt Charge (Foil),4.03,6.07,1.13,False,5
MP7 | Bloodsport (Battle-Scarred),4.37,5.96,0.7,False,5
Sticker | Gold Web (Foil),4.26,5.76,0.64,False,5
Glock-18 | Nuclear Garden (Minimal Wear),3.57,4.87,0.57,False,5
M4A4 | Evil Daimyo (Minimal Wear),3.29,4.49,0.53,False,5
Five-SeveN | Urban Hazard (Factory New),2.22,3.23,0.53,False,5
Glock-18 | Vogue (Minimal Wear),5.02,6.5,0.5,False,5
MP9 | Starlight Protector (Minimal Wear),4.99,6.46,0.5,False,5
Sticker | Rainbow Route (Holo),1.97,2.9,0.49,False,5
P250 | Asiimov (Field-Tested),4.82,6.24,0.48,False,5
AWP | Duality (Minimal Wear),4.87,6.3,0.48,False,5
SSG 08 | Abyss (Factory New),3.02,4.12,0.48,False,5
AUG | Eye of Zapems (Field-Tested),3.02,4.11,0.47,False,5
Desert Eagle | Meteorite (Factory New),2.58,3.56,0.45,False,5
Easy Peasy Pin,2.83,3.86,0.45,False,5
Galil AR | Tuxedo (Factory New),2.58,3.56,0.45,False,5
USP-S | Blueprint (Field-Tested),4.43,5.74,0.45,False,5
USP-S | Torque (Factory New),1.32,2.06,0.43,False,5
M4A4 | Tooth Fairy (Minimal Wear),4.19,5.42,0.42,False,5
UMP-45 | K.O. Factory (Battle-Scarred),2.16,3.03,0.42,False,5
FAMAS | Rapid Eye Movement (Minimal Wear),2.16,3.03,0.42,False,5
Desert Eagle | Heat Treated (Minimal Wear),4.08,5.28,0.41,False,5
M4A1-S | Mud-Spec (Factory New),2.0,2.83,0.41,False,5
R8 Revolver | Amber Fade (Field-Tested),1.88,2.69,0.41,False,5
M4A4 | Choppa (Factory New),1.89,2.7,0.41,False,5
Desert Eagle | Tilted (Factory New),4.05,5.24,0.4,False,5
StatTrak™ Desert Eagle | Blue Ply (Minimal Wear),1.84,2.64,0.4,False,5
M4A1-S | Night Terror (Factory New),3.95,5.11,0.39,False,5
USP-S | Ticket to Hell (Factory New),3.79,4.91,0.38,False,5
Zeus x27 | Electric Blue (Factory New),1.41,2.1,0.38,False,5
M4A1-S | Solitude (Field-Tested),3.7,4.79,0.37,False,5
Sawed-Off | Kiss♥Love (Minimal Wear),3.63,4.7,0.37,False,5
M4A4 | Converter (Factory New),1.17,1.81,0.37,False,5
M4A4 | Poly Mag (Factory New),0.65,1.2,0.37,False,5
Glock-18 | Winterized (Factory New),0.31,0.78,0.35,False,5
USP-S | Flashback (Minimal Wear),0.86,1.42,0.35,False,5
G3SG1 | Orange Crash (Factory New),0.74,1.28,0.35,False,5
P90 | Freight (Factory New),0.24,0.69,0.35,False,5
Five-SeveN | Sky Blue (Factory New),0.84,1.4,0.35,False,5
M4A1-S | Wash me plz (Factory New),0.74,1.27,0.34,False,5
MP9 | Bioleak (Factory New),0.65,1.17,0.34,False,5
Glock-18 | Nuclear Garden (Field-Tested),0.65,1.17,0.34,False,5
MAC-10 | Saibā Oni (Field-Tested),0.67,1.19,0.34,False,5
MP7 | Just Smile (Minimal Wear),0.54,1.03,0.34,False,5
MP9 | Sand Scale (Factory New),0.78,1.32,0.34,False,5
Desert Eagle | Oxide Blaze (Factory New),0.66,1.18,0.34,False,5
Desert Eagle | Serpent Strike (Factory New),3.38,4.37,0.33,False,5
FAMAS | Bad Trip (Field-Tested),3.32,4.3,0.33,False,5
MAC-10 | Pipsqueak (Field-Tested),0.32,0.76,0.33,False,5
Galil AR | Green Apple (Factory New),0.44,0.91,0.33,False,5
Glock-18 | Bunsen Burner (Battle-Scarred),0.15,0.56,0.33,False,5
Sticker | Boom Trail (Glitter),0.25,0.67,0.32,False,5
P250 | Cassette (Factory New),0.19,0.6,0.32,False,5
"Music Kit | The Verkkars, EZ4ENCE",3.21,4.15,0.32,False,5
USP-S | Jawbreaker (Well-Worn),3.18,4.12,0.32,False,5
MP9 | Airlock (Field-Tested),3.18,4.12,0.32,False,5
P2000 | Wicked Sick (Minimal Wear),3.33,4.3,0.32,False,5
G3SG1 | Stinger (Field-Tested),0.24,0.66,0.32,False,5
StatTrak™ Glock-18 | Umbral Rabbit (Field-Tested),0.39,0.84,0.32,False,5
AUG | Stymphalian (Minimal Wear),3.21,4.15,0.32,False,5
R8 Revolver | Reboot (Field-Tested),0.15,0.55,0.32,False,5
M4A1-S | Night Terror (Field-Tested),0.38,0.81,0.31,False,5
Galil AR | Control (Field-Tested),0.05,0.42,0.31,False,5
Glock-18 | Vogue (Field-Tested),2.3,3.07,0.31,False,5
Desert Eagle | Heat Treated (Battle-Scarred),2.84,3.7,0.31,False,5
Desert Eagle | Heat Treated (Well-Worn),1.59,2.23,0.31,False,5
Tec-9 | Brother (Field-Tested),0.05,0.42,0.31,False,5
Zeus x27 | Tosai (Field-Tested),0.09,0.47,0.31,False,5
Desert Eagle | Serpent Strike (Field-Tested),0.05,0.42,0.31,False,5
USP-S | Ticket to Hell (Field-Tested),0.1,0.48,0.31,False,5
P90 | Wave Breaker (Field-Tested),0.05,0.42,0.31,False,5
M4A1-S | Emphorosaur-S (Field-Tested),0.04,0.41,0.31,False,5
P2000 | Wicked Sick (Field-Tested),1.28,1.87,0.31,False,5
Galil AR | Chromatic Aberration (Field-Tested),2.36,3.14,0.31,False,5
Glock-18 | Block-18 (Field-Tested),0.22,0.62,0.31,False,5
FAMAS | Rapid Eye Movement (Field-Tested),0.85,1.36,0.31,False,5
Sticker | Shattered Web,0.01,0.38,0.31,False,5
Desert Eagle | Trigger Discipline (Field-Tested),0.43,0.87,0.31,False,5
Galil AR | Connexion (Minimal Wear),0.45,0.89,0.31,False,5
Sticker | Hydro Wave,0.27,0.68,0.31,False,5
MP7 | Urban Hazard (Factory New),0.6,1.07,0.31,False,5
UMP-45 | Wild Child (Field-Tested),1.23,1.81,0.31,False,5
Glock-18 | Shinobu (Well-Worn),2.53,3.34,0.31,False,5
Sticker | Scorch Loop (Reverse),0.03,0.4,0.31,False,5
Nova | Candy Apple (Factory New),0.38,0.81,0.31,False,5
MAG-7 | Monster Call (Minimal Wear),0.43,0.87,0.31,False,5
Glock-18 | Ocean Topo (Factory New),1.34,1.94,0.31,False,5
AK-47 | Searing Rage (Well-Worn),3.03,3.93,0.31,False,5
Sawed-Off | Brake Light (Factory New),1.69,2.35,0.31,False,5
PP-Bizon | Space Cat (Minimal Wear),0.32,0.74,0.31,False,5
UMP-45 | Labyrinth (Field-Tested),0.06,0.43,0.31,False,5
M4A1-S | Nitro (Minimal Wear),0.91,1.43,0.31,False,5
Sticker | High Heat,0.88,1.4,0.31,False,5
MAC-10 | Candy Apple (Factory New),0.56,1.02,0.31,False,5
Glock-18 | Moonrise (Field-Tested),0.33,0.75,0.31,False,5
USP-S | Alpine Camo (Minimal Wear),1.69,2.35,0.31,False,5
M4A1-S | Flashback (Field-Tested),0.51,0.96,0.31,False,5
Glock-18 | Block-18 (Minimal Wear),0.73,1.22,0.31,False,5
P90 | Vent Rush (Minimal Wear),0.22,0.62,0.31,False,5
MAC-10 | Sakkaku (Field-Tested),0.32,0.74,0.31,False,5
Dual Berettas | Melondrama (Well-Worn),0.73,1.22,0.31,False,5
MAC-10 | Disco Tech (Field-Tested),2.08,2.81,0.31,False,5
Nova | Rising Sun (Minimal Wear),0.56,1.02,0.31,False,5
UMP-45 | Labyrinth (Factory New),0.45,0.89,0.31,False,5
XM1014 | Incinegator (Field-Tested),1.34,1.94,0.31,False,5
Charm | Big Kev,0.04,0.41,0.31,False,5
P250 | Nevermore (Minimal Wear),0.61,1.08,0.31,False,5
FAMAS | Meow 36 (Factory New),0.11,0.49,0.31,False,5
StatTrak™ M4A1-S | Night Terror (Field-Tested),2.13,2.87,0.31,False,5
USP-S | Check Engine (Minimal Wear),0.56,1.02,0.31,False,5
StatTrak™ USP-S | Ticket to Hell (Minimal Wear),2.53,3.34,0.31,False,5
StatTrak™ M4A1-S | Night Terror (Minimal Wear),3.1,4.01,0.31,False,5
UMP-45 | Momentum (Field-Tested),2.82,3.68,0.31,False,5
Glock-18 | Shinobu (Battle-Scarred),2.38,3.16,0.31,False,5
Charm | Baby's AK,0.21,0.61,0.31,False,5
CZ75-Auto | Pole Position (Field-Tested),0.06,0.43,0.31,False,5
M4A1-S | Flashback (Well-Worn),0.55,1.01,0.31,False,5
Sticker | Chompers,0.08,0.46,0.31,False,5
Galil AR | Connexion (Well-Worn),0.04,0.41,0.31,False,5
M4A4 | Evil Daimyo (Field-Tested),1.36,1.96,0.31,False,5
G3SG1 | Green Apple (Factory New),0.1,0.48,0.31,False,5
MP7 | Cirrus (Factory New),1.75,2.42,0.31,False,5
UMP-45 | Moonrise (Field-Tested),0.62,1.09,0.31,False,5
P2000 | Wicked Sick (Well-Worn),0.6,1.07,0.31,False,5
P250 | Supernova (Factory New),3.04,3.94,0.31,False,5
UMP-45 | Wild Child (Well-Worn),1.01,1.55,0.31,False,5
AK-47 | Searing Rage (Battle-Scarred),2.49,3.29,0.31,False,5
USP-S | PC-GRN (Factory New),1.36,1.96,0.31,False,5
XM1014 | Slipstream (Factory New),0.78,1.28,0.31,False,5
Sticker | Coiled Strike,0.14,0.53,0.31,False,5
Glock-18 | Teal Graf (Field-Tested),0.17,0.56,0.31,False,5
AK-47 | Uncharted (Minimal Wear),0.33,0.75,0.31,False,5
P250 | X-Ray (Factory New),0.49,0.94,0.31,False,5
StatTrak™ P2000 | Ivory (Well-Worn),0.33,0.75,0.31,False,5
CZ75-Auto | Polymer (Factory New),1.34,1.94,0.31,False,5
Galil AR | Tuxedo (Field-Tested),0.44,0.88,0.31,False,5
FAMAS | Rapid Eye Movement (Battle-Scarred),0.84,1.35,0.31,False,5
StatTrak™ MAG-7 | Monster Call (Battle-Scarred),0.06,0.43,0.31,False,5
AUG | Syd Mead (Field-Tested),1.53,2.16,0.31,False,5
MAC-10 | Ensnared (Factory New),0.26,0.67,0.31,False,5
Five-SeveN | Midnight Paintover (Factory New),0.05,0.42,0.31,False,5
USP-S | Black Lotus (Field-Tested),0.96,1.49,0.31,False,5
Glock-18 | Block-18 (Battle-Scarred),0.17,0.56,0.31,False,5
Zeus x27 | Electric Blue (Minimal Wear),0.12,0.51,0.31,False,5
Negev | Prototype (Factory New),0.04,0.41,0.31,False,5
AUG | Fleet Flock (Field-Tested),2.43,3.22,0.31,False,5
StatTrak™ G3SG1 | Dream Glade (Minimal Wear),0.5,0.95,0.31,False,5
StatTrak™ P250 | Cassette (Factory New),0.34,0.76,0.31,False,5
Negev | Desert-Strike (Factory New),0.07,0.45,0.31,False,5
Five-SeveN | Buddy (Field-Tested),0.17,0.56,0.31,False,5
Five-SeveN | Fowl Play (Field-Tested),2.25,3.01,0.31,False,5
StatTrak™ MAC-10 | Allure (Battle-Scarred),0.05,0.42,0.31,False,5
SSG 08 | Acid Fade (Factory New),2.69,3.52,0.3,False,5
M4A4 | Tooth Fairy (Field-Tested),2.57,3.38,0.3,False,5
Sawed-Off | Kiss♥Love (Field-Tested),1.88,2.57,0.3,False,5
G3SG1 | Dream Glade (Field-Tested),0.04,0.4,0.3,False,5
P250 | Visions (Field-Tested),2.08,2.8,0.3,False,5
UMP-45 | K.O. Factory (Field-Tested),2.93,3.8,0.3,False,5
Nova | Rising Sun (Field-Tested),0.14,0.52,0.3,False,5
Tec-9 | Red Quartz (Minimal Wear),0.02,0.38,0.3,False,5
Dual Berettas | Melondrama (Field-Tested),0.97,1.5,0.3,False,5
Desert Eagle | Tilted (Minimal Wear),0.66,1.13,0.3,False,5
XM1014 | Zombie Offensive (Minimal Wear),0.31,0.72,0.3,False,5
SCAR-20 | Enforcer (Field-Tested),0.04,0.4,0.3,False,5
MP7 | Abyssal Apparition (Field-Tested),0.92,1.44,0.3,False,5
R8 Revolver | Amber Fade (Minimal Wear),0.3,0.71,0.3,False,5
Desert Eagle | Heat Treated (Field-Tested),2.05,2.77,0.3,False,5
M4A1-S | Night Terror (Minimal Wear),0.68,1.15,0.3,False,5
M4A1-S | Nitro (Field-Tested),0.08,0.45,0.3,False,5
MAC-10 | Candy Apple (Minimal Wear),0.15,0.53,0.3,False,5
USP-S | Cyrex (Minimal Wear),1.71,2.37,0.3,False,5
XM1014 | Zombie Offensive (Factory New),2.12,2.85,0.3,False,5
SG 553 | Darkwing (Well-Worn),0.04,0.4,0.3,False,5
P250 | Supernova (Minimal Wear),2.53,3.33,0.3,False,5
Desert Eagle | Trigger Discipline (Battle-Scarred),0.09,0.46,0.3,False,5
P250 | Franklin (Field-Tested),2.69,3.52,0.3,False,5
P90 | Randy Rush (Field-Tested),0.32,0.73,0.3,False,5
Dual Berettas | Cobalt Quartz (Factory New),0.46,0.9,0.3,False,5
AWP | Acheron (Minimal Wear),0.58,1.04,0.3,False,5
SSG 08 | Fever Dream (Field-Tested),0.3,0.71,0.3,False,5
Glock-18 | Moonrise (Minimal Wear),0.7,1.18,0.3,False,5
Charm | Whittle Knife,0.07,0.44,0.3,False,5
AWP | Black Nile (Field-Tested),1.95,2.65,0.3,False,5
P90 | Grim (Factory New),0.71,1.19,0.3,False,5
Sticker | Scorch Loop,0.32,0.73,0.3,False,5
P90 | Wave Breaker (Minimal Wear),0.48,0.92,0.3,False,5
P250 | X-Ray (Minimal Wear),0.01,0.37,0.3,False,5
Sawed-Off | Kiss♥Love (Well-Worn),1.45,2.06,0.3,False,5
P250 | Nevermore (Factory New),2.07,2.79,0.3,False,5
MP7 | Abyssal Apparition (Well-Worn),0.64,1.11,0.3,False,5
Glock-18 | Umbral Rabbit (Minimal Wear),0.3,0.71,0.3,False,5
SSG 08 | Zeno (Minimal Wear),0.92,1.44,0.3,False,5
Charm | Pocket AWP,0.02,0.38,0.3,False,5
FAMAS | Roll Cage (Field-Tested),2.87,3.73,0.3,False,5
StatTrak™ M4A1-S | Emphorosaur-S (Field-Tested),1.33,1.92,0.3,False,5
Nova | Rising Sun (Battle-Scarred),0.04,0.4,0.3,False,5
Galil AR | Firefight (Field-Tested),0.02,0.38,0.3,False,5
Charm | Pinch O' Salt,0.01,0.37,0.3,False,5
Glock-18 | Vogue (Well-Worn),2.79,3.64,0.3,False,5
Souvenir MP5-SD | Lab Rats (Factory New),0.24,0.64,0.3,False,5
Galil AR | Control (Minimal Wear),0.47,0.91,0.3,False,5
StatTrak™ MAG-7 | Monster Call (Field-Tested),0.24,0.64,0.3,False,5
P250 | Franklin (Minimal Wear),1.34,1.93,0.3,False,5
AUG | Stymphalian (Field-Tested),1.04,1.58,0.3,False,5
PP-Bizon | High Roller (Field-Tested),2.25,3.0,0.3,False,5
UMP-45 | Primal Saber (Field-Tested),2.12,2.85,0.3,False,5
Tec-9 | Re-Entry (Field-Tested),0.2,0.59,0.3,False,5
Dual Berettas | Ventilators (Factory New),0.71,1.19,0.3,False,5
Tec-9 | VariCamo (Factory New),0.08,0.45,0.3,False,5
USP-S | Tropical Breeze (Field-Tested),1.72,2.38,0.3,False,5
MAC-10 | Saibā Oni (Minimal Wear),2.23,2.98,0.3,False,5
R8 Revolver | Crazy 8 (Minimal Wear),0.24,0.64,0.3,False,5
Galil AR | Signal (Minimal Wear),0.53,0.98,0.3,False,5
USP-S | Flashback (Factory New),1.99,2.7,0.3,False,5
P250 | Nevermore (Field-Tested),0.53,0.98,0.3,False,5
MP7 | Abyssal Apparition (Battle-Scarred),0.7,1.18,0.3,False,5
MP5-SD | Kitbash (Well-Worn),0.02,0.38,0.3,False,5
FAMAS | Rapid Eye Movement (Well-Worn),0.75,1.24,0.3,False,5
Charm | Lil' Crass,0.03,0.39,0.3,False,5
M4A4 | Converter (Minimal Wear),0.38,0.8,0.3,False,5
Glock-18 | Vogue (Battle-Scarred),1.65,2.29,0.3,False,5
PP-Bizon | Osiris (Minimal Wear),1.71,2.37,0.3,False,5
"Music Kit | bbno$, u mad!",2.57,3.38,0.3,False,5
CZ75-Auto | Tigris (Well-Worn),0.29,0.7,0.3,False,5
Desert Eagle | Trigger Discipline (Minimal Wear),1.28,1.86,0.3,False,5
Dual Berettas | Flora Carnivora (Minimal Wear),0.38,0.8,0.3,False,5
P2000 | Turf (Field-Tested),0.01,0.37,0.3,False,5
SG 553 | Aloha (Factory New),0.42,0.85,0.3,False,5
MAG-7 | Heat (Field-Tested),0.15,0.53,0.3,False,5
AUG | Tom Cat (Factory New),0.43,0.86,0.3,False,5
USP-S | Check Engine (Field-Tested),0.02,0.38,0.3,False,5
Glock-18 | Weasel (Minimal Wear),0.7,1.18,0.3,False,5
Sticker | Boom Blast (Glitter),0.25,0.65,0.3,False,5
AWP | Worm God (Minimal Wear),1.61,2.25,0.3,False,5
FAMAS | Survivor Z (Minimal Wear),0.2,0.59,0.3,False,5
StatTrak™ MAG-7 | Monster Call (Well-Worn),0.08,0.45,0.3,False,5
SG 553 | Dragon Tech (Well-Worn),0.04,0.4,0.3,False,5
MP9 | Food Chain (Battle-Scarred),1.15,1.71,0.3,False,5
Five-SeveN | Violent Daimyo (Minimal Wear),0.42,0.85,0.3,False,5
CZ75-Auto | Tuxedo (Field-Tested),0.18,0.56,0.3,False,5
StatTrak™ P90 | Neoqueen (Field-Tested),0.09,0.46,0.3,False,5
Five-SeveN | Hybrid (Battle-Scarred),0.15,0.53,0.3,False,5
USP-S | Torque (Minimal Wear),0.68,1.15,0.3,False,5
Negev | Lionfish (Factory New),1.56,2.19,0.3,False,5
Nova | Wood Fired (Factory New),0.41,0.84,0.3,False,5
AWP | Duality (Battle-Scarred),2.19,2.93,0.3,False,5
Nova | Koi (Minimal Wear),1.32,1.91,0.3,False,5
XM1014 | Black Tie (Field-Tested),0.01,0.37,0.3,False,5
P2000 | Imperial Dragon (Field-Tested),2.92,3.79,0.3,False,5
M4A1-S | Emphorosaur-S (Battle-Scarred),0.14,0.52,0.3,False,5
Galil AR | Chromatic Aberration (Battle-Scarred),1.27,1.85,0.3,False,5
Negev | Terrain (Field-Tested),0.13,0.51,0.3,False,5
StatTrak™ AUG | Tom Cat (Minimal Wear),0.03,0.39,0.3,False,5
AWP | Duality (Field-Tested),1.67,2.31,0.29,False,5
StatTrak™ Galil AR | Connexion (Field-Tested),0.19,0.57,0.29,False,5
Glock-18 | Moonrise (Factory New),5.31,6.53,0.24,False,5
MP9 | Starlight Protector (Field-Tested),4.45,5.47,0.2,False,5
R8 Revolver | Blaze (Factory New),4.46,5.48,0.2,False,5
StatTrak™ MP9 | Food Chain (Field-Tested),4.47,5.49,0.2,False,5
StatTrak™ USP-S | Flashback (Factory New),4.13,5.08,0.19,False,5
UMP-45 | Wild Child (Minimal Wear),4.24,5.21,0.19,False,5
R8 Revolver | Skull Crusher (Battle-Scarred),4.07,5.0,0.18,False,5
MP9 | Starlight Protector (Battle-Scarred),3.84,4.72,0.17,False,5
M4A1-S | Flashback (Minimal Wear),3.03,3.75,0.16,False,5
★ Butterfly Knife | Tiger Tooth (Factory New),1276.83,1920.92,355.95,True,1
★ Sport Gloves | Omega (Field-Tested),234.1,352.19,65.26,True,2
★ Specialist Gloves | Marble Fade (Field-Tested),187.14,296.35,64.76,True,2
★ Driver Gloves | Imperial Plaid (Field-Tested),228.18,343.28,63.61,True,2
M4A1-S | Printstream (Field-Tested),141.49,224.07,48.97,True,2
★ Moto Gloves | Polygon (Field-Tested),136.56,216.26,47.26,True,2
★ Huntsman Knife | Marble Fade (Factory New),156.99,236.18,43.76,True,2
★ Falchion Knife | Tiger Tooth (Factory New),112.13,177.57,38.8,True,2
★ Moto Gloves | Turtle (Field-Tested),106.51,168.67,36.86,True,2
★ Survival Knife | Marble Fade (Factory New),130.84,196.84,36.47,True,2
★ Paracord Knife | Tiger Tooth (Factory New),119.06,179.12,33.19,True,2
AK-47 | Bloodsport (Minimal Wear),116.85,175.79,32.57,True,2
AK-47 | B the Monster (Field-Tested),169.14,216.99,15.3,True,2
★ Broken Fang Gloves | Jade (Field-Tested),123.84,156.9,9.53,True,2
★ Moto Gloves | Blood Pressure (Field-Tested),181.87,223.5,8.1,True,2
★ Huntsman Knife | Lore (Field-Tested),132.03,162.25,5.88,True,2
★ Navaja Knife | Marble Fade (Factory New),92.03,145.75,31.86,True,3
AK-47 | Nouveau Rouge (Minimal Wear),63.74,105.39,25.84,True,3
AWP | Asiimov (Field-Tested),74.97,112.79,20.9,True,3
AWP | Printstream (Minimal Wear),70.57,106.17,19.67,True,3
AK-47 | Inheritance (Minimal Wear),59.21,89.08,16.51,True,3
Bloody Darryl The Strapped | The Professionals,45.75,72.45,15.83,True,3
Sir Bloody Silent Darryl | The Professionals,34.67,57.32,14.05,True,3
AWP | Crakow! (Minimal Wear),49.6,74.54,13.76,True,3
★ Moto Gloves | 3rd Commando Company (Field-Tested),47.8,71.92,13.33,True,3
★ Driver Gloves | Overtake (Field-Tested),79.7,109.0,12.95,True,3
AK-47 | Asiimov (Minimal Wear),39.08,58.8,10.9,True,3
AWP | Asiimov (Battle-Scarred),44.4,60.73,7.22,True,3
AK-47 | Aquamarine Revenge (Minimal Wear),48.37,64.51,6.46,True,3
★ Hydra Gloves | Mangrove (Field-Tested),45.78,61.05,6.11,True,3
★ Driver Gloves | Rezan the Red (Field-Tested),125.37,154.07,5.59,True,3
AK-47 | Bloodsport (Field-Tested),120.01,147.48,5.35,True,3
M4A1-S | Golden Coil (Field-Tested),46.11,59.15,4.17,True,3
StatTrak™ Desert Eagle | Printstream (Field-Tested),47.01,59.56,3.62,True,3
Desert Eagle | Printstream (Factory New),80.76,99.25,3.6,True,3
★ Broken Fang Gloves | Unhinged (Field-Tested),78.13,96.01,3.48,True,3
AWP | Neo-Noir (Factory New),43.84,55.54,3.37,True,3
M4A1-S | Golden Coil (Minimal Wear),74.4,91.43,3.32,True,3
M4A1-S | Chantico's Fire (Minimal Wear),59.69,73.36,2.67,True,3
M4A1-S | Vaporwave (Field-Tested),59.35,72.94,2.65,True,3
M4A4 | The Emperor (Minimal Wear),57.05,70.11,2.54,True,3
USP-S | Kill Confirmed (Field-Tested),47.13,57.92,2.1,True,3
M4A1-S | Mecha Industries (Minimal Wear),43.24,53.14,1.93,True,3
USP-S | Orion (Minimal Wear),43.51,53.46,1.93,True,3
CS:GO Weapon Case,66.81,80.41,1.54,True,3
AWP | Green Energy (Minimal Wear),55.12,66.34,1.27,True,3
AWP | Man-o'-war (Minimal Wear),53.38,64.25,1.23,True,3
★ Driver Gloves | Racing Green (Field-Tested),53.17,63.99,1.22,True,3
AK-47 | Inheritance (Field-Tested),48.24,58.06,1.11,True,3
AUG | Chameleon (Factory New),26.64,40.07,7.42,True,4
AWP | Wildfire (Field-Tested),34.61,47.34,5.63,True,4
Safecracker Voltzmann | The Professionals,24.81,33.94,4.04,True,4
USP-S | Printstream (Well-Worn),23.33,31.91,3.79,True,4
Special Agent Ava | FBI,20.02,27.38,3.25,True,4
M4A4 | In Living Color (Minimal Wear),24.75,32.74,3.08,True,4
Glock-18 | Shinobu (Factory New),30.02,38.52,2.72,True,4
StatTrak™ M4A4 | Neo-Noir (Minimal Wear),34.04,43.13,2.62,True,4
AWP | Printstream (Battle-Scarred),26.08,33.04,2.0,True,4
Chem-Haz Capitaine | Gendarmerie Nationale,25.29,32.04,1.94,True,4
Glock-18 | Water Elemental (Factory New),24.5,31.04,1.88,True,4
Cmdr. Mae 'Dead Cold' Jamison | SWAT,20.83,26.72,1.88,True,4
Desert Eagle | Kumicho Dragon (Minimal Wear),20.75,26.29,1.6,True,4
AK-47 | Wasteland Rebel (Field-Tested),29.99,36.86,1.34,True,4
MAC-10 | Neon Rider (Factory New),29.2,35.88,1.3,True,4
Desert Eagle | Printstream (Well-Worn),25.45,31.28,1.14,True,4
StatTrak™ Desert Eagle | Conspiracy (Factory New),24.62,30.26,1.1,True,4
AWP | Printstream (Field-Tested),41.03,49.38,0.94,True,4
StatTrak™ USP-S | The Traitor (Field-Tested),40.63,48.9,0.93,True,4
AWP | Hyper Beast (Minimal Wear),38.85,46.76,0.9,True,4
AK-47 | Neon Rider (Field-Tested),37.32,44.91,0.85,True,4
AK-47 | Neon Revolution (Minimal Wear),36.37,43.77,0.83,True,4
AK-47 | Aquamarine Revenge (Field-Tested),35.33,42.52,0.81,True,4
Operation Bravo Case,29.84,35.92,0.69,True,4
AK-47 | The Empress (Field-Tested),29.73,35.78,0.68,True,4
AK-47 | Asiimov (Field-Tested),27.23,32.77,0.62,True,4
Desert Eagle | Printstream (Field-Tested),26.57,31.98,0.61,True,4
M4A1-S | Chantico's Fire (Field-Tested),26.25,31.6,0.61,True,4
Operation Hydra Case,24.92,29.99,0.57,True,4
MP7 | Abyssal Apparition (Factory New),13.4,18.75,2.54,True,5
MP9 | Mount Fuji (Factory New),14.55,19.24,1.8,True,5
1st Lieutenant Farlow | SWAT,11.51,15.35,1.54,True,5
AK-47 | Midnight Laminate (Minimal Wear),19.89,25.2,1.53,True,5
USP-S | Printstream (Battle-Scarred),19.76,25.04,1.52,True,5
AWP | Sun in Leo (Minimal Wear),18.93,23.99,1.46,True,5
StatTrak™ Desert Eagle | Mecha Industries (Minimal Wear),10.29,13.62,1.29,True,5
Michael Syfers  | FBI Sniper,14.16,17.94,1.09,True,5
Desert Eagle | Mecha Industries (Factory New),14.04,17.79,1.08,True,5
XM1014 | Entombed (Factory New),8.09,10.71,1.01,True,5
StatTrak™ AWP | Atheris (Minimal Wear),12.71,16.11,0.98,True,5
StatTrak™ Glock-18 | Water Elemental (Field-Tested),12.16,15.4,0.93,True,5
P250 | Muertos (Factory New),15.01,18.45,0.67,True,5
CS:GO Weapon Case 2,8.41,10.65,0.64,True,5
Desert Eagle | Code Red (Field-Tested),20.14,24.24,0.46,True,5
Lt. Commander Ricksaw | NSWC SEAL,19.29,23.22,0.45,True,5
M4A1-S | Player Two (Field-Tested),18.39,22.14,0.43,True,5
'Blueberries' Buckshot | NSWC SEAL,16.63,20.01,0.38,True,5
AK-47 | Ice Coaled (Factory New),15.6,18.78,0.36,True,5
M4A1-S | Decimator (Minimal Wear),15.67,18.86,0.36,True,5
M4A4 | Desolate Space (Minimal Wear),14.8,17.81,0.34,True,5
'The Doctor' Romanov | Sabre,14.45,17.39,0.33,True,5
Desert Eagle | Kumicho Dragon (Field-Tested),13.37,16.1,0.32,True,5
3rd Commando Company | KSK,13.34,16.05,0.3,True,5
AWP | Fever Dream (Minimal Wear),12.88,15.5,0.29,True,5
AK-47 | Frontside Misty (Field-Tested),11.87,14.29,0.28,True,5
Nova | Antique (Factory New),12.27,14.77,0.28,True,5
AK-47 | Blue Laminate (Minimal Wear),11.84,14.25,0.27,True,5
P2000 | Fire Elemental (Minimal Wear),11.51,13.86,0.27,True,5
USP-S | The Traitor (Field-Tested),11.12,13.38,0.25,True,5
M4A1-S | Decimator (Field-Tested),10.66,12.83,0.25,True,5
M4A1-S | Black Lotus (Minimal Wear),10.05,12.1,0.23,True,5
eSports 2014 Summer Case,9.28,11.17,0.21,True,5
Glove Case,8.79,10.58,0.2,True,5
Operation Riptide Case,9.12,10.97,0.2,True,5
SG 553 | Barricade (Field-Tested),4.56,6.86,1.27,True,6
SSG 08 | Turbo Peek (Field-Tested),7.44,9.84,0.92,True,6
Sticker | Bolt Strike (Foil),3.9,5.47,0.75,True,6
M4A1-S | Emphorosaur-S (Factory New),5.55,7.35,0.7,True,6
MP9 | Mount Fuji (Minimal Wear),7.39,9.36,0.57,True,6
StatTrak™ Glock-18 | Umbral Rabbit (Factory New),4.28,5.67,0.54,True,6
AWP | Exoskeleton (Minimal Wear),5.87,7.44,0.45,True,6
UMP-45 | Crimson Foil (Field-Tested),3.2,4.26,0.42,True,6
StatTrak™ USP-S | Cyrex (Minimal Wear),5.14,6.51,0.39,True,6
Negev | Boroque Sand (Field-Tested),1.0,1.59,0.35,True,6
P250 | Muertos (Field-Tested),4.51,5.72,0.35,True,6
Sticker | Coiled Strike (Holo),2.36,3.16,0.33,True,6
AK-47 | Emerald Pinstripe (Minimal Wear),3.66,4.65,0.29,True,6
Shanghai 2024 Contenders Sticker Capsule,0.65,1.08,0.27,True,6
Sticker | Unicorn (Holo),2.93,3.75,0.26,True,6
Sticker | Legendary Eagle (Holo),0.59,0.99,0.25,True,6
Sticker | torzsi (Holo) | Shanghai 2024,0.59,0.98,0.24,True,6
Sawed-Off | Amber Fade (Factory New),1.4,1.93,0.24,True,6
UMP-45 | Neo-Noir (Battle-Scarred),2.6,3.34,0.24,True,6
Paris 2023 Mirage Souvenir Package,2.38,3.06,0.22,True,6
Glock-18 | Block-18 (Factory New),2.15,2.78,0.21,True,6
Nova | Koi (Factory New),2.07,2.68,0.21,True,6
AK-47 | Slate (Battle-Scarred),1.97,2.55,0.2,True,6
MP9 | Ruby Poison Dart (Minimal Wear),0.95,1.35,0.2,True,6
MP5-SD | Phosphor (Minimal Wear),4.39,5.39,0.19,True,6
Sticker | Kawaii Killer Terrorist,0.37,0.66,0.19,True,6
AWP | Black Nile (Factory New),8.21,9.88,0.19,True,6
Antwerp 2022 Contenders Autograph Capsule,0.29,0.55,0.18,True,6
M4A1-S | Nightmare (Field-Tested),7.6,9.15,0.18,True,6
SSG 08 | Mainframe 001 (Factory New),0.31,0.58,0.18,True,6
MAC-10 | Neon Rider (Well-Worn),7.7,9.27,0.18,True,6
M4A4 | Desolate Space (Field-Tested),6.99,8.42,0.17,True,6
USP-S | Jawbreaker (Minimal Wear),7.28,8.76,0.17,True,6
Five-SeveN | Capillary (Factory New),0.44,0.72,0.17,True,6
AWP | Phobos (Minimal Wear),1.27,1.69,0.17,True,6
AK-47 | Ice Coaled (Minimal Wear),6.71,8.08,0.16,True,6
Sticker | Liquid (Holo) | 2020 RMR,0.48,0.75,0.16,True,6
M4A1-S | VariCamo (Minimal Wear),0.95,1.3,0.16,True,6
Sticker | Gold Web,0.23,0.46,0.16,True,6
MAG-7 | Sonar (Factory New),1.03,1.4,0.16,True,6
P90 | Neoqueen (Factory New),1.17,1.57,0.16,True,6
AWP | Atheris (Minimal Wear),6.47,7.79,0.15,True,6
Huntsman Weapon Case,6.43,7.74,0.15,True,6
Desert Eagle | Mulberry (Field-Tested),6.56,7.89,0.15,True,6
Katowice 2019 Minor Challengers Autograph Capsule,6.21,7.48,0.15,True,6
CS:GO Weapon Case 3,5.76,6.94,0.14,True,6
Operation Broken Fang Case,6.1,7.34,0.14,True,6
Operation Breakout Weapon Case,5.77,6.95,0.14,True,6
Sticker | Bolt Charge,0.42,0.66,0.14,True,6
SSG 08 | Rapid Transit (Field-Tested),0.64,0.92,0.14,True,6
UMP-45 | K.O. Factory (Minimal Wear),6.35,7.64,0.14,True,6
Tec-9 | Rebel (Factory New),0.37,0.6,0.14,True,6
Zeus x27 | Olympus (Minimal Wear),5.83,7.02,0.14,True,6
Negev | Ultralight (Factory New),0.23,0.44,0.14,True,6
SG 553 | Darkwing (Minimal Wear),0.73,1.02,0.14,True,6
StatTrak™ Glock-18 | Moonrise (Field-Tested),0.74,1.03,0.14,True,6
M4A1-S | Black Lotus (Field-Tested),5.91,7.11,0.13,True,6
AK-47 | Slate (Minimal Wear),5.82,7.0,0.13,True,6
AK-47 | Olive Polycam (Factory New),0.58,0.84,0.13,True,6
Galil AR | Chromatic Aberration (Minimal Wear),5.54,6.67,0.13,True,6
Desert Eagle | Mecha Industries (Minimal Wear),5.86,7.05,0.13,True,6
Five-SeveN | Hybrid (Minimal Wear),0.65,0.92,0.13,True,6
Sticker | Spirit (Holo) | 2020 RMR,0.39,0.61,0.13,True,6
MAC-10 | Lapis Gator (Field-Tested),0.4,0.62,0.13,True,6
R8 Revolver | Desert Brush (Factory New),0.54,0.79,0.13,True,6
SG 553 | Lush Ruins (Field-Tested),0.35,0.56,0.13,True,6
UMP-45 | Momentum (Minimal Wear),4.61,5.56,0.12,True,6
Sticker | Bolt Strike,0.19,0.37,0.12,True,6
Galil AR | Eco (Field-Tested),5.35,6.44,0.12,True,6
SSG 08 | Halftone Whorl (Field-Tested),0.29,0.48,0.12,True,6
M4A4 | Turbine (Field-Tested),0.48,0.71,0.12,True,6
Nova | Windblown (Factory New),0.31,0.51,0.12,True,6
AWP | Capillary (Minimal Wear),0.38,0.59,0.12,True,6
SG 553 | Cyberforce (Factory New),0.2,0.38,0.12,True,6
P2000 | Oceanic (Minimal Wear),0.08,0.23,0.12,True,6
PP-Bizon | High Roller (Minimal Wear),4.98,6.0,0.12,True,6
SSG 08 | Jungle Dashed (Field-Tested),0.34,0.54,0.12,True,6
Sawed-Off | Origami (Factory New),0.19,0.37,0.12,True,6
Sticker | Nemiga (Holo) | 2020 RMR,0.12,0.28,0.12,True,6
Sawed-Off | Full Stop (Field-Tested),0.18,0.35,0.12,True,6
CZ75-Auto | Tigris (Factory New),4.99,6.01,0.12,True,6
StatTrak™ USP-S | PC-GRN (Field-Tested),0.38,0.59,0.12,True,6
UMP-45 | Gunsmoke (Minimal Wear),0.05,0.2,0.12,True,6
StatTrak™ SG 553 | Dragon Tech (Field-Tested),0.3,0.49,0.12,True,6
P90 | Nostalgia (Minimal Wear),4.9,5.9,0.12,True,6
Fever Case,0.6,0.83,0.11,True,6
SSG 08 | Halftone Whorl (Factory New),0.52,0.74,0.11,True,6
Austin 2025 Legends Sticker Capsule,0.18,0.34,0.11,True,6
Revolution Case,0.3,0.48,0.11,True,6
Rio 2022 Champions Autograph Capsule,0.18,0.34,0.11,True,6
MAC-10 | Allure (Field-Tested),0.26,0.43,0.11,True,6
Glock-18 | High Beam (Factory New),0.08,0.22,0.11,True,6
Gallery Case,0.94,1.23,0.11,True,6
Austin 2025 Challengers Autograph Capsule,0.24,0.41,0.11,True,6
Sealed Genesis Terminal,0.53,0.75,0.11,True,6
Shadow Case,1.26,1.61,0.11,True,6
Spectrum Case,2.97,3.62,0.11,True,6
Austin 2025 Challengers Sticker Capsule,0.25,0.42,0.11,True,6
AK-47 | Ice Coaled (Field-Tested),3.3,4.01,0.11,True,6
Negev | dev_texture (Field-Tested),0.19,0.35,0.11,True,6
2020 RMR Contenders,0.14,0.29,0.11,True,6
P250 | Cyber Shell (Field-Tested),0.2,0.36,0.11,True,6
Clutch Case,0.58,0.81,0.11,True,6
Prisma Case,0.86,1.14,0.11,True,6
Negev | Bulkhead (Factory New),0.15,0.3,0.11,True,6
MP9 | Food Chain (Minimal Wear),4.76,5.73,0.11,True,6
Sticker | Enemy Spotted (Holo),1.95,2.42,0.11,True,6
StatTrak™ PP-Bizon | Space Cat (Field-Tested),0.26,0.43,0.11,True,6
Desert Eagle | Mecha Industries (Field-Tested),4.0,4.83,0.11,True,6
AUG | Snake Pit (Factory New),0.09,0.23,0.11,True,6
Shanghai 2024 Legends Autograph Capsule,0.13,0.28,0.11,True,6
UMP-45 | Carbon Fiber (Factory New),0.15,0.3,0.11,True,6
FAMAS | Bad Trip (Minimal Wear),4.73,5.69,0.11,True,6
P250 | Metallic DDPAT (Factory New),0.31,0.49,0.11,True,6
Sticker | Mastermind (Holo),4.55,5.48,0.11,True,6
M4A1-S | Emphorosaur-S (Minimal Wear),0.8,1.07,0.11,True,6
Nova | Candy Apple (Minimal Wear),0.07,0.21,0.11,True,6
UMP-45 | Neo-Noir (Field-Tested),4.53,5.46,0.11,True,6
AK-47 | Wintergreen (Minimal Wear),4.85,5.84,0.11,True,6
Five-SeveN | Hybrid (Well-Worn),0.26,0.43,0.11,True,6
MP5-SD | Kitbash (Minimal Wear),0.59,0.82,0.11,True,6
UMP-45 | Oscillator (Field-Tested),0.02,0.15,0.11,True,6
MP9 | Modest Threat (Field-Tested),0.01,0.14,0.11,True,6
Rio 2022 Challengers Sticker Capsule,0.13,0.28,0.11,True,6
Five-SeveN | Monkey Business (Field-Tested),3.15,3.83,0.11,True,6
Galil AR | Destroyer (Factory New),0.14,0.3,0.11,True,6
Galil AR | VariCamo (Minimal Wear),0.06,0.2,0.11,True,6
AWP | Capillary (Field-Tested),0.15,0.3,0.11,True,6
Nova | Caged Steel (Factory New),0.13,0.28,0.11,True,6
P90 | Wave Breaker (Battle-Scarred),0.15,0.3,0.11,True,6
Sticker | olofmeister | Berlin 2019,0.03,0.16,0.11,True,6
USP-S | 27 (Field-Tested),0.02,0.15,0.11,True,6
M4A1-S | Mud-Spec (Minimal Wear),0.2,0.36,0.11,True,6
FAMAS | Teardown (Field-Tested),0.19,0.35,0.11,True,6
Glock-18 | Clear Polymer (Minimal Wear),0.18,0.34,0.11,True,6
Rio 2022 Legends Sticker Capsule,0.16,0.32,0.11,True,6
Sticker | Enemy Spotted,0.08,0.22,0.11,True,6
Sticker | Vitality (Holo) | 2020 RMR,0.03,0.16,0.11,True,6
Sticker | SAW | Copenhagen 2024,0.03,0.16,0.11,True,6
M4A4 | Etch Lord (Minimal Wear),0.7,0.95,0.11,True,6
R8 Revolver | Night (Field-Tested),0.37,0.56,0.11,True,6
Nova | Dark Sigil (Factory New),0.12,0.27,0.11,True,6
Desert Eagle | Oxide Blaze (Minimal Wear),0.24,0.41,0.11,True,6
Dual Berettas | Hydro Strike (Field-Tested),0.42,0.62,0.11,True,6
USP-S | Cortex (Well-Worn),2.51,3.08,0.11,True,6
Five-SeveN | Flame Test (Minimal Wear),0.02,0.15,0.11,True,6
M249 | Spectre (Minimal Wear),0.06,0.2,0.11,True,6
MP9 | Bioleak (Field-Tested),0.07,0.21,0.11,True,6
Tec-9 | Tiger Stencil (Minimal Wear),0.02,0.15,0.11,True,6
Sticker | ECSTATIC (Glitter) | Copenhagen 2024,0.17,0.33,0.11,True,6
Tec-9 | Ice Cap (Field-Tested),0.09,0.23,0.11,True,6
M4A4 | Urban DDPAT (Minimal Wear),0.21,0.38,0.11,True,6
Nova | Windblown (Field-Tested),0.02,0.15,0.11,True,6
CZ75-Auto | Tacticat (Field-Tested),0.36,0.55,0.11,True,6
M4A1-S | Night Terror (Battle-Scarred),0.99,1.29,0.11,True,6
StatTrak™ Dual Berettas | Hideout (Minimal Wear),0.14,0.29,0.11,True,6
SG 553 | Darkwing (Battle-Scarred),0.14,0.29,0.11,True,6
Sawed-Off | Kiss♥Love (Battle-Scarred),1.27,1.62,0.11,True,6
MP7 | Urban Hazard (Minimal Wear),0.08,0.22,0.11,True,6
Galil AR | Signal (Field-Tested),0.26,0.44,0.11,True,6
StatTrak™ P250 | Cassette (Minimal Wear),0.05,0.19,0.11,True,6
Nova | Windblown (Minimal Wear),0.08,0.22,0.11,True,6
P2000 | Ivory (Minimal Wear),0.09,0.23,0.11,True,6
Desert Eagle | Oxide Blaze (Field-Tested),0.14,0.29,0.11,True,6
UMP-45 | Primal Saber (Minimal Wear),4.6,5.54,0.11,True,6
FAMAS | Halftone Wash (Field-Tested),0.07,0.21,0.11,True,6
StatTrak™ SG 553 | Danger Close (Minimal Wear),0.13,0.28,0.11,True,6
MAC-10 | Silver (Minimal Wear),0.15,0.3,0.11,True,6
M4A4 | Steel Work (Minimal Wear),0.11,0.26,0.11,True,6
StatTrak™ Nova | Dark Sigil (Minimal Wear),0.12,0.27,0.11,True,6
StatTrak™ SCAR-20 | Trail Blazer (Field-Tested),0.09,0.23,0.11,True,6
Sticker | Hello FAMAS,0.15,0.3,0.11,True,6
StatTrak™ MP9 | Modest Threat (Field-Tested),0.02,0.15,0.11,True,6
StatTrak™ UMP-45 | Roadblock (Minimal Wear),0.02,0.15,0.11,True,6
Chroma 2 Case,2.72,3.32,0.1,True,6
CS20 Case,0.87,1.14,0.1,True,6
Sticker | Drug War Veteran,0.61,0.83,0.1,True,6
Fracture Case,0.35,0.53,0.1,True,6
Chroma 3 Case,2.23,2.74,0.1,True,6
SG 553 | Dragon Tech (Field-Tested),0.24,0.4,0.1,True,6
Austin 2025 Legends Autograph Capsule,0.29,0.46,0.1,True,6
Austin 2025 Contenders Sticker Capsule,0.24,0.4,0.1,True,6
Sawed-Off | Apocalypto (Field-Tested),0.24,0.4,0.1,True,6
USP-S | Cortex (Field-Tested),2.26,2.78,0.1,True,6
Rio 2022 Dust II Souvenir Package,1.62,2.02,0.1,True,6
Recoil Case,0.22,0.38,0.1,True,6
XM1014 | Entombed (Minimal Wear),3.35,4.06,0.1,True,6
SG 553 | Darkwing (Field-Tested),0.23,0.39,0.1,True,6
XM1014 | Entombed (Field-Tested),1.95,2.41,0.1,True,6
Falchion Case,1.13,1.45,0.1,True,6
MAC-10 | Button Masher (Field-Tested),0.18,0.33,0.1,True,6
MAC-10 | Allure (Well-Worn),0.18,0.33,0.1,True,6
M249 | Downtown (Field-Tested),0.25,0.41,0.1,True,6
Gamma Case,2.38,2.92,0.1,True,6
Antwerp 2022 Legends Sticker Capsule,0.44,0.64,0.1,True,6
Gamma 2 Case,2.3,2.82,0.1,True,6
Antwerp 2022 Legends Autograph Capsule,0.16,0.31,0.1,True,6
Galil AR | Connexion (Field-Tested),0.24,0.4,0.1,True,6
Antwerp 2022 Contenders Sticker Capsule,0.49,0.69,0.1,True,6
Galil AR | Akoben (Field-Tested),0.04,0.17,0.1,True,6
Antwerp 2022 Champions Autograph Capsule,0.19,0.34,0.1,True,6
Antwerp 2022 Challengers Sticker Capsule,0.28,0.45,0.1,True,6
Kilowatt Case,0.22,0.38,0.1,True,6
Horizon Case,1.13,1.45,0.1,True,6
Shattered Web Case,4.14,4.99,0.1,True,6
Austin 2025 Contenders Autograph Capsule,0.16,0.31,0.1,True,6
Snakebite Case,0.36,0.54,0.1,True,6
Glock-18 | Shinobu (Field-Tested),2.67,3.26,0.1,True,6
Spectrum 2 Case,2.18,2.68,0.1,True,6
R8 Revolver | Crazy 8 (Well-Worn),0.18,0.33,0.1,True,6
R8 Revolver | Crazy 8 (Field-Tested),0.25,0.41,0.1,True,6
P90 | Neoqueen (Field-Tested),0.19,0.34,0.1,True,6
P90 | Vent Rush (Field-Tested),0.25,0.41,0.1,True,6
Desert Eagle | Bronze Deco (Field-Tested),0.01,0.13,0.1,True,6
Name Tag,0.99,1.28,0.1,True,6
PP-Bizon | Cold Cell (Factory New),0.19,0.34,0.1,True,6
Danger Zone Case,0.97,1.26,0.1,True,6
2020 RMR Challengers,0.08,0.21,0.1,True,6
2020 RMR Legends,0.08,0.21,0.1,True,6
P2000 | Acid Etched (Field-Tested),0.22,0.38,0.1,True,6
Operation Wildfire Case,2.36,2.89,0.1,True,6
Operation Phoenix Weapon Case,3.32,4.02,0.1,True,6
Paris 2023 Legends Sticker Capsule,0.02,0.14,0.1,True,6
CZ75-Auto | Jungle Dashed (Minimal Wear),0.3,0.47,0.1,True,6
Dual Berettas | Flora Carnivora (Field-Tested),0.25,0.41,0.1,True,6
Prisma 2 Case,0.92,1.2,0.1,True,6
XM1014 | Zombie Offensive (Field-Tested),0.19,0.34,0.1,True,6
MAG-7 | Monster Call (Well-Worn),0.18,0.33,0.1,True,6
MAG-7 | Monster Call (Field-Tested),0.25,0.41,0.1,True,6
MAG-7 | Metallic DDPAT (Factory New),0.55,0.77,0.1,True,6
MP5-SD | Kitbash (Field-Tested),0.26,0.42,0.1,True,6
Dreams & Nightmares Case,1.26,1.6,0.1,True,6
Paris 2023 Contenders Sticker Capsule,0.01,0.13,0.1,True,6
MP5-SD | Phosphor (Field-Tested),3.25,3.94,0.1,True,6
Tec-9 | Red Quartz (Factory New),0.6,0.82,0.1,True,6
PP-Bizon | Space Cat (Field-Tested),0.19,0.34,0.1,True,6
Paris 2023 Challengers Sticker Capsule,0.02,0.14,0.1,True,6
Paris 2023 Champions Autograph Capsule,0.1,0.23,0.1,True,6
AK-47 | Phantom Disruptor (Field-Tested),3.32,4.02,0.1,True,6
USP-S | Cortex (Minimal Wear),4.27,5.14,0.1,True,6
AWP | Atheris (Field-Tested),3.45,4.18,0.1,True,6
Chroma Case,3.71,4.48,0.1,True,6
Paris 2023 Contenders Autograph Capsule,0.01,0.13,0.1,True,6
USP-S | Jawbreaker (Field-Tested),3.64,4.4,0.1,True,6
SSG 08 | Dezastre (Minimal Wear),0.01,0.13,0.1,True,6
FAMAS | Crypsis (Field-Tested),0.06,0.19,0.1,True,6
G3SG1 | Scavenger (Field-Tested),0.26,0.42,0.1,True,6
Paris 2023 Vertigo Souvenir Package,1.42,1.79,0.1,True,6
Desert Eagle | Blue Ply (Field-Tested),0.08,0.21,0.1,True,6
PP-Bizon | Judgement of Anubis (Minimal Wear),4.49,5.4,0.1,True,6
SG 553 | Damascus Steel (Field-Tested),0.46,0.66,0.1,True,6
AWP | Mortis (Field-Tested),1.83,2.27,0.1,True,6
R8 Revolver | Junk Yard (Field-Tested),0.04,0.17,0.1,True,6
Stockholm 2021 Contenders Sticker Capsule,2.31,2.84,0.1,True,6
SG 553 | Anodized Navy (Factory New),1.3,1.65,0.1,True,6
MAC-10 | Silver (Factory New),0.13,0.27,0.1,True,6
Shanghai 2024 Legends Sticker Capsule,0.52,0.73,0.1,True,6
Sticker | Winding Scorch,0.46,0.66,0.1,True,6
Glock-18 | Candy Apple (Factory New),3.02,3.67,0.1,True,6
MP7 | Cirrus (Field-Tested),0.21,0.37,0.1,True,6
Zeus x27 | Olympus (Field-Tested),3.43,4.15,0.1,True,6
M4A1-S | VariCamo (Field-Tested),0.47,0.67,0.1,True,6
SCAR-20 | Carbon Fiber (Factory New),0.26,0.42,0.1,True,6
SSG 08 | Abyss (Field-Tested),0.15,0.29,0.1,True,6
PP-Bizon | Judgement of Anubis (Field-Tested),3.05,3.71,0.1,True,6
StatTrak™ USP-S | Ticket to Hell (Field-Tested),1.01,1.31,0.1,True,6
M4A4 | Urban DDPAT (Field-Tested),0.07,0.2,0.1,True,6
PP-Bizon | Brass (Field-Tested),0.47,0.67,0.1,True,6
Desert Eagle | Directive (Field-Tested),0.27,0.43,0.1,True,6
Negev | Desert-Strike (Field-Tested),0.01,0.13,0.1,True,6
Desert Eagle | Trigger Discipline (Well-Worn),0.25,0.41,0.1,True,6
StatTrak™ P2000 | Ivory (Field-Tested),0.12,0.26,0.1,True,6
MAG-7 | Justice (Field-Tested),1.88,2.33,0.1,True,6
AWP | Safari Mesh (Minimal Wear),0.04,0.17,0.1,True,6
Copenhagen 2024 Legends Sticker Capsule,0.44,0.64,0.1,True,6
M4A4 | Etch Lord (Field-Tested),0.32,0.49,0.1,True,6
USP-S | Cyrex (Field-Tested),0.86,1.13,0.1,True,6
Five-SeveN | Hybrid (Field-Tested),0.33,0.51,0.1,True,6
Rio 2022 Contenders Sticker Capsule,0.11,0.25,0.1,True,6
Desert Eagle | Light Rail (Field-Tested),0.51,0.72,0.1,True,6
StatTrak™ XM1014 | Zombie Offensive (Field-Tested),0.23,0.39,0.1,True,6
CZ75-Auto | Circaetus (Field-Tested),0.06,0.19,0.1,True,6
M249 | O.S.I.P.R. (Field-Tested),0.03,0.15,0.1,True,6
SSG 08 | Ghost Crusader (Field-Tested),0.32,0.5,0.1,True,6
G3SG1 | Dream Glade (Minimal Wear),0.36,0.54,0.1,True,6
FAMAS | Eye of Athena (Field-Tested),3.67,4.44,0.1,True,6
Sawed-Off | Analog Input (Field-Tested),0.29,0.46,0.1,True,6
Nova | Wood Fired (Field-Tested),0.01,0.13,0.1,True,6
Tec-9 | Bamboozle (Field-Tested),0.19,0.34,0.1,True,6
Negev | Man-o'-war (Minimal Wear),0.03,0.15,0.1,True,6
USP-S | Alpine Camo (Field-Tested),0.58,0.8,0.1,True,6
AWP | Pit Viper (Field-Tested),0.21,0.37,0.1,True,6
P90 | Wave Breaker (Well-Worn),0.19,0.34,0.1,True,6
Charm | Lil' SAS,0.32,0.5,0.1,True,6
MAG-7 | Foresight (Factory New),0.41,0.6,0.1,True,6
MAC-10 | Allure (Minimal Wear),0.44,0.64,0.1,True,6
USP-S | Forest Leaves (Minimal Wear),0.05,0.18,0.1,True,6
SG 553 | Aloha (Minimal Wear),0.01,0.13,0.1,True,6
AK-47 | Wintergreen (Field-Tested),2.21,2.72,0.1,True,6
MP7 | Just Smile (Field-Tested),0.32,0.49,0.1,True,6
M249 | Gator Mesh (Minimal Wear),0.04,0.17,0.1,True,6
SG 553 | Cyrex (Field-Tested),3.92,4.73,0.1,True,6
StatTrak™ Negev | Desert-Strike (Field-Tested),0.13,0.27,0.1,True,6
MP7 | Just Smile (Well-Worn),0.27,0.44,0.1,True,6
MP7 | Anodized Navy (Factory New),1.19,1.52,0.1,True,6
UMP-45 | K.O. Factory (Well-Worn),1.88,2.33,0.1,True,6
Sawed-Off | Analog Input (Minimal Wear),0.73,0.98,0.1,True,6
Paris 2023 Legends Autograph Capsule,0.02,0.14,0.1,True,6
Charm | Hot Sauce,0.12,0.26,0.1,True,6
G3SG1 | VariCamo (Minimal Wear),0.04,0.16,0.1,True,6
Desert Eagle | Bronze Deco (Minimal Wear),0.12,0.26,0.1,True,6
SG 553 | Dragon Tech (Minimal Wear),0.41,0.6,0.1,True,6
Glock-18 | Candy Apple (Minimal Wear),0.92,1.2,0.1,True,6
Shanghai 2024 Champions Autograph Capsule,0.11,0.25,0.1,True,6
AK-47 | Uncharted (Field-Tested),0.15,0.29,0.1,True,6
Sticker | max (Glitter) | Rio 2022,0.23,0.39,0.1,True,6
Galil AR | VariCamo (Factory New),0.1,0.24,0.1,True,6
AUG | Luxe Trim (Field-Tested),0.01,0.13,0.1,True,6
P90 | Nostalgia (Field-Tested),3.68,4.45,0.1,True,6
USP-S | Check Engine (Factory New),1.58,1.98,0.1,True,6
SCAR-20 | Powercore (Field-Tested),0.19,0.34,0.1,True,6
Nova | Rising Sun (Well-Worn),0.19,0.34,0.1,True,6
Zeus x27 | Tosai (Minimal Wear),0.58,0.8,0.1,True,6
SSG 08 | Abyss (Minimal Wear),0.49,0.69,0.1,True,6
XM1014 | XOXO (Field-Tested),1.1,1.41,0.1,True,6
MP7 | Mischief (Field-Tested),0.05,0.18,0.1,True,6
Sawed-Off | Zander (Field-Tested),0.11,0.25,0.1,True,6
Copenhagen 2024 Champions Autograph Capsule,0.12,0.26,0.1,True,6
SCAR-20 | Enforcer (Well-Worn),0.17,0.32,0.1,True,6
Paris 2023 Overpass Souvenir Package,1.85,2.3,0.1,True,6
XM1014 | Oxide Blaze (Factory New),0.63,0.86,0.1,True,6
StatTrak™ MP5-SD | Kitbash (Field-Tested),0.27,0.43,0.1,True,6
StatTrak™ UMP-45 | Labyrinth (Field-Tested),0.13,0.27,0.1,True,6
AWP | Black Nile (Minimal Wear),3.08,3.74,0.1,True,6
M249 | Downtown (Minimal Wear),0.41,0.6,0.1,True,6
StatTrak™ M4A1-S | Emphorosaur-S (Minimal Wear),2.91,3.54,0.1,True,6
Sawed-Off | Spirit Board (Factory New),0.45,0.65,0.1,True,6
P90 | Off World (Field-Tested),0.05,0.18,0.1,True,6
CZ75-Auto | Eco (Field-Tested),0.54,0.75,0.1,True,6
Negev | Prototype (Minimal Wear),0.06,0.19,0.1,True,6
AK-47 | Elite Build (Field-Tested),1.03,1.33,0.1,True,6
StatTrak™ R8 Revolver | Banana Cannon (Field-Tested),0.24,0.4,0.1,True,6
CZ75-Auto | Indigo (Field-Tested),1.39,1.75,0.1,True,6
USP-S | Night Ops (Field-Tested),0.21,0.37,0.1,True,6
SG 553 | Phantom (Field-Tested),0.31,0.48,0.1,True,6
Desert Eagle | Corinthian (Field-Tested),0.22,0.38,0.1,True,6
Five-SeveN | Violent Daimyo (Field-Tested),0.19,0.34,0.1,True,6
USP-S | Torque (Field-Tested),0.36,0.54,0.1,True,6
Negev | Lionfish (Field-Tested),0.17,0.32,0.1,True,6
SG 553 | Aerial (Field-Tested),0.09,0.22,0.1,True,6
G3SG1 | Green Apple (Minimal Wear),0.04,0.17,0.1,True,6
Welcome to the Clutch Pin,2.97,3.61,0.1,True,6
Dual Berettas | Elite 1.6 (Minimal Wear),0.05,0.18,0.1,True,6
AK-47 | Steel Delta (Field-Tested),0.61,0.84,0.1,True,6
Nova | Toy Soldier (Field-Tested),0.55,0.76,0.1,True,6
UMP-45 | Grand Prix (Field-Tested),0.24,0.4,0.1,True,6
USP-S | Black Lotus (Minimal Wear),2.59,3.16,0.1,True,6
P250 | Iron Clad (Field-Tested),0.12,0.26,0.1,True,6
StatTrak™ MAC-10 | Oceanic (Field-Tested),0.07,0.2,0.1,True,6
StatTrak™ PP-Bizon | Runic (Minimal Wear),0.04,0.17,0.1,True,6
XM1014 | Irezumi (Factory New),0.17,0.32,0.1,True,6
CZ75-Auto | Tigris (Field-Tested),0.41,0.6,0.1,True,6
USP-S | Ticket to Hell (Well-Worn),0.27,0.44,0.1,True,6
AUG | Tom Cat (Minimal Wear),0.05,0.18,0.1,True,6
StatTrak™ AUG | Tom Cat (Field-Tested),0.02,0.14,0.1,True,6
MP9 | Modest Threat (Minimal Wear),0.02,0.14,0.1,True,6
StatTrak™ MP5-SD | Necro Jr. (Minimal Wear),0.06,0.19,0.1,True,6
Sealed Graffiti | Grimace (Monster Purple),0.05,0.18,0.1,True,6
Tec-9 | Fubar (Field-Tested),0.02,0.14,0.1,True,6
P2000 | Amber Fade (Minimal Wear),3.88,4.68,0.1,True,6
Glock-18 | Oxide Blaze (Minimal Wear),0.04,0.16,0.1,True,6
MAG-7 | Carbon Fiber (Factory New),3.64,4.4,0.1,True,6
Galil AR | Connexion (Factory New),1.65,2.06,0.1,True,6
M4A4 | Etch Lord (Well-Worn),0.22,0.38,0.1,True,6
P90 | Grim (Minimal Wear),0.01,0.13,0.1,True,6
R8 Revolver | Bone Forged (Minimal Wear),0.05,0.18,0.1,True,6
AUG | Triqua (Field-Tested),0.07,0.2,0.1,True,6
MP5-SD | Gauss (Well-Worn),0.05,0.18,0.1,True,6
Dual Berettas | Ventilators (Field-Tested),0.04,0.16,0.1,True,6
USP-S | Jawbreaker (Battle-Scarred),2.99,3.63,0.1,True,6
XM1014 | Slipstream (Field-Tested),0.01,0.13,0.1,True,6
SG 553 | Danger Close (Minimal Wear),0.03,0.15,0.1,True,6
SG 553 | Danger Close (Field-Tested),0.02,0.14,0.1,True,6
P90 | Off World (Minimal Wear),0.15,0.29,0.1,True,6
M249 | Aztec (Field-Tested),0.3,0.47,0.1,True,6
Sawed-Off | Devourer (Field-Tested),3.61,4.37,0.1,True,6
Glock-18 | Ocean Topo (Minimal Wear),0.39,0.58,0.1,True,6
StatTrak™ AK-47 | Uncharted (Field-Tested),1.91,2.36,0.1,True,6
FAMAS | Teardown (Minimal Wear),0.74,0.99,0.1,True,6
Galil AR | Akoben (Minimal Wear),0.19,0.34,0.1,True,6
FAMAS | Survivor Z (Field-Tested),0.06,0.19,0.1,True,6
M4A4 | Magnesium (Field-Tested),0.1,0.23,0.1,True,6
AUG | Momentum (Field-Tested),1.34,1.7,0.1,True,6
CZ75-Auto | Circaetus (Minimal Wear),0.1,0.23,0.1,True,6
SG 553 | Heavy Metal (Minimal Wear),0.07,0.2,0.1,True,6
CZ75-Auto | Red Astor (Field-Tested),0.21,0.37,0.1,True,6
MAC-10 | Whitefish (Field-Tested),0.07,0.2,0.1,True,6
Desert Eagle | Bronze Deco (Well-Worn),0.03,0.15,0.1,True,6
StatTrak™ P250 | Supernova (Minimal Wear),2.28,2.8,0.1,True,6
Sawed-Off | Black Sand (Minimal Wear),0.02,0.14,0.1,True,6
SCAR-20 | Bloodsport (Field-Tested),2.57,3.14,0.1,True,6
SCAR-20 | Blueprint (Field-Tested),0.14,0.28,0.1,True,6
AK-47 | Slate (Well-Worn),2.21,2.72,0.1,True,6
Galil AR | Akoben (Battle-Scarred),0.03,0.15,0.1,True,6
MP9 | Orange Peel (Minimal Wear),0.04,0.17,0.1,True,6
Sawed-Off | The Kraken (Field-Tested),3.89,4.69,0.1,True,6
M4A1-S | Nitro (Well-Worn),0.15,0.29,0.1,True,6
Glock-18 | Wraiths (Field-Tested),0.04,0.17,0.1,True,6
Tec-9 | Sandstorm (Field-Tested),0.31,0.48,0.1,True,6
Negev | Loudmouth (Field-Tested),0.46,0.66,0.1,True,6
10 Year Birthday Sticker Capsule,0.67,0.91,0.1,True,6
MAC-10 | Pipe Down (Well-Worn),0.22,0.38,0.1,True,6
MAC-10 | Oceanic (Field-Tested),0.07,0.2,0.1,True,6
UMP-45 | Plastique (Field-Tested),0.35,0.53,0.1,True,6
StatTrak™ MAC-10 | Allure (Field-Tested),0.26,0.42,0.1,True,6
Galil AR | Firefight (Well-Worn),0.1,0.23,0.1,True,6
Sticker | Ninjas in Pyjamas (Holo) | Paris 2023,1.37,1.73,0.1,True,6
Sticker | Fluxo (Glitter) | Paris 2023,0.04,0.17,0.1,True,6
StatTrak™ Glock-18 | Oxide Blaze (Minimal Wear),0.3,0.47,0.1,True,6
P250 | Valence (Minimal Wear),0.1,0.24,0.1,True,6
StatTrak™ Glock-18 | Oxide Blaze (Field-Tested),0.11,0.25,0.1,True,6
StatTrak™ XM1014 | Zombie Offensive (Minimal Wear),0.58,0.8,0.1,True,6
AUG | Death by Puppy (Field-Tested),3.54,4.28,0.1,True,6
StatTrak™ Nova | Wood Fired (Field-Tested),0.02,0.14,0.1,True,6
Tec-9 | Re-Entry (Minimal Wear),0.55,0.76,0.1,True,6
MAC-10 | Oceanic (Factory New),0.66,0.9,0.1,True,6
P2000 | Acid Etched (Battle-Scarred),0.11,0.25,0.1,True,6
R8 Revolver | Llama Cannon (Field-Tested),1.77,2.2,0.1,True,6
Antwerp 2022 Challengers Autograph Capsule,0.07,0.2,0.1,True,6
R8 Revolver | Tango (Field-Tested),0.03,0.15,0.1,True,6
StatTrak™ Tec-9 | Brother (Well-Worn),0.24,0.4,0.1,True,6
StatTrak™ UMP-45 | Moonrise (Field-Tested),1.12,1.44,0.1,True,6
Sticker | OG (Holo) | 2020 RMR,0.18,0.33,0.1,True,6
StatTrak™ Negev | Man-o'-war (Minimal Wear),0.21,0.36,0.1,True,6
FAMAS | Decommissioned (Minimal Wear),0.08,0.21,0.1,True,6
Five-SeveN | Capillary (Field-Tested),0.12,0.26,0.1,True,6
StatTrak™ SSG 08 | Abyss (Field-Tested),0.54,0.75,0.1,True,6
M4A1-S | Boreal Forest (Minimal Wear),0.07,0.2,0.1,True,6
Sawed-Off | Zander (Battle-Scarred),0.04,0.17,0.1,True,6
M249 | O.S.I.P.R. (Minimal Wear),0.1,0.24,0.1,True,6
M249 | Spectre (Field-Tested),0.07,0.2,0.1,True,6
SG 553 | Pulse (Field-Tested),2.17,2.67,0.1,True,6
AK-47 | Elite Build (Well-Worn),0.69,0.93,0.1,True,6
PP-Bizon | Night Riot (Factory New),0.56,0.78,0.1,True,6
StatTrak™ Five-SeveN | Flame Test (Field-Tested),0.02,0.14,0.1,True,6
XM1014 | Ziggy (Field-Tested),0.26,0.42,0.1,True,6
Sticker | Rush More,0.04,0.16,0.1,True,6
CS20 Sticker Capsule,0.58,0.8,0.1,True,6
M4A4 | Etch Lord (Battle-Scarred),0.21,0.37,0.1,True,6
PP-Bizon | Jungle Slipstream (Field-Tested),0.12,0.26,0.1,True,6
G3SG1 | Keeping Tabs (Field-Tested),0.53,0.74,0.1,True,6
Sticker | FL1T (Holo) | Copenhagen 2024,0.7,0.94,0.1,True,6
CZ75-Auto | Distressed (Field-Tested),0.02,0.14,0.1,True,6
Revolver Case,2.15,2.64,0.09,True,6
Anubis Collection Package,1.14,1.45,0.09,True,6
Operation Vanguard Weapon Case,3.11,3.77,0.09,True,6
AK-47 | Searing Rage (Field-Tested),3.0,3.64,0.09,True,6
Stockholm 2021 Legends Sticker Capsule,1.42,1.78,0.09,True,6
AK-47 | Slate (Field-Tested),3.07,3.72,0.09,True,6
MP9 | Food Chain (Field-Tested),2.09,2.57,0.09,True,6
USP-S | Ticket to Hell (Minimal Wear),0.63,0.85,0.09,True,6
P250 | Verdigris (Field-Tested),0.05,0.17,0.09,True,6
StatTrak™ G3SG1 | Dream Glade (Field-Tested),0.23,0.38,0.09,True,6
MAC-10 | Pipe Down (Field-Tested),0.28,0.44,0.09,True,6
AK-47 | Elite Build (Minimal Wear),1.92,2.37,0.09,True,6
SG 553 | Ol' Rusty (Factory New),0.57,0.78,0.09,True,6
P250 | Visions (Minimal Wear),3.91,4.71,0.09,True,6
Five-SeveN | Flame Test (Factory New),0.56,0.77,0.09,True,6
Glock-18 | Weasel (Field-Tested),0.28,0.44,0.09,True,6
SSG 08 | Fever Dream (Minimal Wear),1.36,1.71,0.09,True,6
UMP-45 | Moonrise (Minimal Wear),0.5,0.7,0.09,True,6
Tec-9 | Brother (Minimal Wear),0.5,0.7,0.09,True,6
StatTrak™ Desert Eagle | Serpent Strike (Minimal Wear),3.01,3.65,0.09,True,6
AWP | Mortis (Minimal Wear),3.46,4.18,0.09,True,6
Desert Eagle | Light Rail (Battle-Scarred),0.33,0.5,0.09,True,6
MP7 | Akoben (Field-Tested),0.12,0.25,0.09,True,6
Galil AR | Tuxedo (Minimal Wear),1.01,1.3,0.09,True,6
CZ75-Auto | Polymer (Field-Tested),0.11,0.24,0.09,True,6
AUG | Amber Slipstream (Field-Tested),0.11,0.24,0.09,True,6
PP-Bizon | Osiris (Factory New),2.09,2.57,0.09,True,6
MP7 | Powercore (Field-Tested),0.4,0.58,0.09,True,6
StatTrak™ Dual Berettas | Elite 1.6 (Field-Tested),0.05,0.17,0.09,True,6
MAG-7 | Heaven Guard (Field-Tested),0.33,0.5,0.09,True,6
