transfer_id,buy_price,buy_date,name,wear,rarityClassName,uuid,meta_offer_id,stackable,sale_id,offer_date_created,offer_date_trade_unlock,state,offer_date_sold,time_to_sell,commission_factor,selling_price,min_selling_price,profit
GD4GD05RKUHL,37.58,2026-04-17,AK-47 | Nouveau Rouge (Minimal Wear),15.0,legendary,140d7458-915b-4db8-ac8e-e109f4bedeaf,66317102.0,False,140d7458-915b-4db8-ac8e-e109f4bedeaf,2026-04-22,,AVAILABLE,,,0.08,53.2,40.86,11.36
GD96TDCXG6DW,80.0,2026-04-23,AWP | Printstream (Minimal Wear),14.05,ancient,6a22f509-40e8-4e82-8059-60c4444fc47b,66331663.0,False,6a22f509-40e8-4e82-8059-60c4444fc47b,2026-04-24,,AVAILABLE,,,0.08,94.85,86.97,7.26
GG3ECGNUP9RA,64.64,2026-05-20,M4A4 | The Emperor (Minimal Wear),15.0,ancient,624054a0-d741-4309-aea5-e63a957bee59,66447231.0,False,624054a0-d741-4309-aea5-e63a957bee59,2026-05-23,2026-05-22,AVAILABLE,,,0.08,78.07,70.27,7.18
G8ASPG74DZEC,42.0,2026-04-21,AK-47 | Nouveau Rouge (Minimal Wear),13.15,legendary,3ac110e6-1ffe-44a4-a03f-b25bd827b472,66322133.0,False,3ac110e6-1ffe-44a4-a03f-b25bd827b472,2026-04-22,,AVAILABLE,,,0.08,53.2,45.66,6.94
GTDFG539E595,80.57,2026-04-24,AWP | Printstream (Minimal Wear),14.98,ancient,9b51e1d8-5403-457d-9ffc-a1473c10e91e,66335243.0,False,9b51e1d8-5403-457d-9ffc-a1473c10e91e,2026-04-25,,AVAILABLE,,,0.08,94.85,87.59,6.69
GNCLZC92X2XP,33.47,2026-05-12,AK-47 | Nouveau Rouge (Minimal Wear),14.96,legendary,d2d32289-4512-449f-a0e3-bd309f086a38,66439261.0,False,d2d32289-4512-449f-a0e3-bd309f086a38,2026-05-21,2026-05-20,AVAILABLE,,,0.08,41.75,36.39,4.94
GGPATF2SNDXF,25.0,2026-04-22,Lt. Commander Ricksaw | NSWC SEAL,,ancient_character,42395c75-d4d9-43c4-b17b-0bde071d8afd,66326701.0,False,42395c75-d4d9-43c4-b17b-0bde071d8afd,2026-04-23,,AVAILABLE,,,0.08,32.12,27.18,4.55
G36GFSW0LGGK,41.54,2026-05-15,Cmdr. Frank 'Wet Sox' Baroud | SEAL Frogman,,ancient_character,a26e7922-6d55-4171-ba88-c3557c37f58f,66450540.0,False,a26e7922-6d55-4171-ba88-c3557c37f58f,2026-05-24,2026-05-23,AVAILABLE,,,0.08,48.93,45.16,3.48
GKR6HE3AW6F9,39.9,2026-05-14,AK-47 | Inheritance (Field-Tested),34.51,ancient,e40cfcaa-fc91-42d8-b128-33ca46ed6936,66416269.0,False,e40cfcaa-fc91-42d8-b128-33ca46ed6936,2026-05-15,,AVAILABLE,,,0.08,47.05,43.38,3.39
GZ75X3R5L5X0,26.24,2026-05-12,AK-47 | Crane Flight (Field-Tested),33.73,legendary,02eee305-31ce-4b6d-8d47-452c47691877,66422798.0,False,02eee305-31ce-4b6d-8d47-452c47691877,2026-05-17,2026-05-16,AVAILABLE,,,0.08,31.85,28.53,3.06
GW6Z0AHNE663,26.42,2026-05-12,AK-47 | Crane Flight (Field-Tested),36.28,legendary,873bfc0f-9434-4bf5-a92a-ab9bbc494917,66422799.0,False,873bfc0f-9434-4bf5-a92a-ab9bbc494917,2026-05-17,2026-05-16,AVAILABLE,,,0.08,31.85,28.73,2.88
GPNEEGPXCWTW,26.62,2026-05-12,AK-47 | Crane Flight (Field-Tested),35.93,legendary,f5a8fb2d-488d-43db-b04b-b1cc5d0edeef,66422800.0,False,f5a8fb2d-488d-43db-b04b-b1cc5d0edeef,2026-05-17,2026-05-16,AVAILABLE,,,0.08,31.85,28.95,2.68
GW52A0DTHWKZ,38.0,2026-05-17,Sir Bloody Skullhead Darryl | The Professionals,,ancient_character,130103a7-8c52-4607-aff7-795709614dad,66426350.0,False,130103a7-8c52-4607-aff7-795709614dad,2026-05-18,,AVAILABLE,,,0.08,44.16,41.32,2.63
GPFNNHAKU7R3,140.0,2026-03-11,CS:GO Weapon Case,,common,,923.0,True,9fe23d87-9192-412e-8271-1e31f44616db,2026-03-12,,AVAILABLE,,,0.08,154.97,152.18,2.57
GDT6PSC07HHW,140.0,2026-03-11,CS:GO Weapon Case,,common,,923.0,True,2f06802a-7f7b-4335-bb23-d818057d3675,2026-03-12,,AVAILABLE,,,0.08,154.97,152.18,2.57
G27THACTRP53,140.0,2026-03-11,CS:GO Weapon Case,,common,,923.0,True,38da09e1-c472-4345-9b69-a546df266fbb,2026-03-12,,AVAILABLE,,,0.08,154.97,152.18,2.57
G0469XX8E7P9,140.0,2026-03-12,CS:GO Weapon Case,,common,,923.0,True,64fd7568-a055-4299-b8ac-e1213c391da4,2026-03-13,,AVAILABLE,,,0.08,154.97,152.18,2.57
GG8ENF9S3D6P,7.0,2026-06-02,AWP | Exothermic (Minimal Wear),8.45,mythical,d8b2cd9c-5c09-4c49-a37e-8f387e5f9709,66505403.0,False,d8b2cd9c-5c09-4c49-a37e-8f387e5f9709,2026-06-08,2026-06-07,AVAILABLE,,,0.15,11.13,8.25,2.46
G6RHW4C4DE77,34.31,2026-04-26,AK-47 | Crane Flight (Field-Tested),36.87,legendary,48875335-473c-4c65-8fb6-9f8b06f48933,66343332.0,False,48875335-473c-4c65-8fb6-9f8b06f48933,2026-04-27,,AVAILABLE,,,0.08,39.95,37.3,2.44
GZHR4K02PRFX,26.88,2026-05-12,AK-47 | Crane Flight (Field-Tested),36.22,legendary,12944581-4a2f-4cd8-95cd-7a99ba25448f,66422801.0,False,12944581-4a2f-4cd8-95cd-7a99ba25448f,2026-05-17,2026-05-16,AVAILABLE,,,0.08,31.85,29.23,2.42
G5APXRGCN6R3,3.87,2026-05-18,Charm | Die-cast AK,,mythical,c68d881c-d499-4c84-9c46-84be96a990c6,66429572.0,False,c68d881c-d499-4c84-9c46-84be96a990c6,2026-05-19,,AVAILABLE,,,0.08,6.55,4.22,2.16
G6Z2RZ8FSWU4,3.56,2026-05-28,Charm | Die-cast AK,,mythical,99260488-6eef-42ab-8d69-8275c6055d53,66470443.0,False,99260488-6eef-42ab-8d69-8275c6055d53,2026-05-29,,AVAILABLE,,,0.15,6.55,4.2,2.01
GZRKH0UC3C4R,3.56,2026-05-28,Charm | Die-cast AK,,mythical,7a5cda3d-aadd-4b08-9d8e-008ce3a5c8e2,66470442.0,False,7a5cda3d-aadd-4b08-9d8e-008ce3a5c8e2,2026-05-29,,AVAILABLE,,,0.15,6.55,4.2,2.01
G5EUHX9LNNLZ,3.56,2026-05-28,Charm | Die-cast AK,,mythical,2eaf378b-9e38-4ab8-b2c9-3eb484069ffc,66472968.0,False,2eaf378b-9e38-4ab8-b2c9-3eb484069ffc,2026-05-30,2026-05-29,AVAILABLE,,,0.15,6.55,4.2,2.01
G9DCXFCW2EE5,3.56,2026-05-28,Charm | Die-cast AK,,mythical,d2a1ebc7-8b70-419d-8abc-70cee946a0c0,66472969.0,False,d2a1ebc7-8b70-419d-8abc-70cee946a0c0,2026-05-30,2026-05-29,AVAILABLE,,,0.15,6.55,4.2,2.01
GK49GT4C74LU,3.56,2026-05-28,Charm | Die-cast AK,,mythical,27881ae6-94ec-4c29-938a-d2f86feb1b1a,66470441.0,False,27881ae6-94ec-4c29-938a-d2f86feb1b1a,2026-05-29,,AVAILABLE,,,0.15,6.55,4.2,2.01
GL3K7ST6HXGW,12.79,2026-04-23,USP-S | Royal Guard (Factory New),0.73,mythical,07731147-d500-4e5c-8e6e-a0abcd676fd5,66331664.0,False,07731147-d500-4e5c-8e6e-a0abcd676fd5,2026-04-24,,AVAILABLE,,,0.08,15.79,13.91,1.74
G6XCT7DTRH09,2.5,2026-05-28,M4A1-S | Electrum (Field-Tested),37.38,mythical,2115f832-cc38-49d1-818f-ef3abbec4f01,66483357.0,False,2115f832-cc38-49d1-818f-ef3abbec4f01,2026-06-02,2026-06-01,AVAILABLE,,,0.15,4.94,2.95,1.7
G4AU8SH30W2T,1.55,2026-05-18,USP-S | Silent Shot (Minimal Wear),14.35,rare,66b63fc8-b005-4a8d-a3a9-44667aaefc0c,66429567.0,False,66b63fc8-b005-4a8d-a3a9-44667aaefc0c,2026-05-19,,AVAILABLE,,,0.08,3.5,1.7,1.67
G9D6H0WD8KT7,12.89,2026-04-23,USP-S | Royal Guard (Factory New),3.74,mythical,c6495d4b-b0d2-4b3f-a551-20b7997c9f71,66331665.0,False,c6495d4b-b0d2-4b3f-a551-20b7997c9f71,2026-04-24,,AVAILABLE,,,0.08,15.79,14.02,1.64
GWDWLCG2HZCD,13.98,2026-04-21,AK-47 | Nouveau Rouge (Field-Tested),37.72,legendary,c0c78e4b-a1d2-46a9-8307-cd35793fb2f1,66349611.0,False,c0c78e4b-a1d2-46a9-8307-cd35793fb2f1,2026-04-29,2026-04-28,AVAILABLE,,,0.08,16.86,15.21,1.53
GRZNPH6G0LDW,8.73,2026-04-26,AWP | Exothermic (Minimal Wear),10.2,mythical,04a8ab61-f2a1-4d63-ae9f-73c00d2008fd,66405314.0,False,04a8ab61-f2a1-4d63-ae9f-73c00d2008fd,2026-05-13,,AVAILABLE,,,0.08,11.13,9.5,1.51
GLUENGXCXZNE,4.0,2026-06-02,Souvenir Dual Berettas | Briar (Factory New),6.97,common,c2b4fb68-c978-440a-86cc-6be5aeb1c1af,66488150.0,False,c2b4fb68-c978-440a-86cc-6be5aeb1c1af,2026-06-03,,AVAILABLE,,,0.15,6.45,4.72,1.48
G6A69FX83F4H,4.0,2026-06-02,Souvenir Dual Berettas | Briar (Factory New),6.57,common,14de0c96-76e6-4a01-84d4-91ce92542ecf,66488152.0,False,14de0c96-76e6-4a01-84d4-91ce92542ecf,2026-06-03,,AVAILABLE,,,0.15,6.45,4.72,1.48
GZG3EDW4NRU6,4.0,2026-06-02,Souvenir Dual Berettas | Briar (Factory New),3.56,common,46e310ea-40c3-4b5f-9f0e-4e446838b26e,66488151.0,False,46e310ea-40c3-4b5f-9f0e-4e446838b26e,2026-06-03,,AVAILABLE,,,0.15,6.45,4.72,1.48
G47KPULC4TZW,4.0,2026-06-02,Souvenir Dual Berettas | Briar (Factory New),4.17,common,dd8270d7-f683-451d-b32b-4b870c90ad06,66488128.0,False,dd8270d7-f683-451d-b32b-4b870c90ad06,2026-06-03,,AVAILABLE,,,0.15,6.45,4.72,1.48
GRAPUW3CFGSK,4.0,2026-06-02,Souvenir Dual Berettas | Briar (Factory New),2.11,common,aff5e8a4-5365-4392-98cd-5a7b066cb7cb,66488127.0,False,aff5e8a4-5365-4392-98cd-5a7b066cb7cb,2026-06-03,,AVAILABLE,,,0.15,6.45,4.72,1.48
GAW3C8373XN6,4.0,2026-06-02,Souvenir Dual Berettas | Briar (Factory New),3.27,common,ce4f3b91-b433-4fe8-97bf-ac339b28999d,66488153.0,False,ce4f3b91-b433-4fe8-97bf-ac339b28999d,2026-06-03,,AVAILABLE,,,0.15,6.45,4.72,1.48
GDH7F4DXD2K7,8.43,2026-04-23,AWP | Exothermic (Field-Tested),30.77,mythical,6ff8b50f-e21e-4d3a-831e-5965d2bf4d49,66331668.0,False,6ff8b50f-e21e-4d3a-831e-5965d2bf4d49,2026-04-24,,AVAILABLE,,,0.08,10.67,9.17,1.39
G4A06H64HTD2,7.33,2026-06-02,StatTrak™ AK-47 | Searing Rage (Field-Tested),26.25,legendary,64ff16fc-4708-4aef-a5f1-67daf97b25a9,66515996.0,False,64ff16fc-4708-4aef-a5f1-67daf97b25a9,2026-06-11,2026-06-10,AVAILABLE,,,0.15,10.2,8.64,1.34
GT2HU47DGWTL,9.56,2026-05-16,StatTrak™ USP-S | Jawbreaker (Field-Tested),30.99,legendary,93a70700-f27a-42e0-a781-1ba345daca6b,66450541.0,False,93a70700-f27a-42e0-a781-1ba345daca6b,2026-05-24,2026-05-23,AVAILABLE,,,0.08,11.85,10.4,1.34
G6LXPEWLR287,11.0,2026-05-14,USP-S | Royal Guard (Factory New),5.45,mythical,98177632-7953-4591-8d67-30e97a8bfaee,66416277.0,False,98177632-7953-4591-8d67-30e97a8bfaee,2026-05-15,,AVAILABLE,,,0.08,13.29,11.97,1.23
G0F4Z0EK3XSW,3.0,2026-05-28,M4A1-S | Electrum (Field-Tested),31.46,mythical,f26ac617-8b18-462d-be8c-3db02c8b86b3,66488130.0,False,f26ac617-8b18-462d-be8c-3db02c8b86b3,2026-06-03,2026-06-02,AVAILABLE,,,0.15,4.94,3.54,1.2
GFPHKH2PXC6X,3.0,2026-05-28,M4A1-S | Electrum (Field-Tested),31.67,mythical,93ff4916-6a70-4907-9378-29e78be9a466,66488131.0,False,93ff4916-6a70-4907-9378-29e78be9a466,2026-06-03,2026-06-02,AVAILABLE,,,0.15,4.94,3.54,1.2
GKT7RNRZPZC4,3.64,2026-06-05,AWP | Exothermic (Field-Tested),27.38,mythical,6bb60daa-39c6-43c9-a02c-6313c5051354,66527243.0,False,6bb60daa-39c6-43c9-a02c-6313c5051354,2026-06-14,2026-06-13,AVAILABLE,,,0.15,5.67,4.29,1.18
GKD9ENF36Z6C,5.4,2026-04-07,M4A1-S | Liquidation (Minimal Wear),14.69,mythical,7cbb34f0-dc38-441d-9e2d-1114541f799f,66317090.0,False,7cbb34f0-dc38-441d-9e2d-1114541f799f,2026-04-22,,AVAILABLE,,,0.08,7.15,5.88,1.18
GK2HNRWCZFS5,3.5,2026-05-13,USP-S | Royal Guard (Minimal Wear),14.8,mythical,7a69b7b0-90ca-4be1-8a00-f3b1509b4844,66412237.0,False,7a69b7b0-90ca-4be1-8a00-f3b1509b4844,2026-05-14,,AVAILABLE,,,0.08,5.05,3.82,1.15
G9PC646GD2CG,4.25,2026-06-04,MP9 | Arctic Tri-Tone (Minimal Wear),13.05,mythical,dc81ff96-dc28-4f27-b1df-212bc7c65635,66519837.0,False,dc81ff96-dc28-4f27-b1df-212bc7c65635,2026-06-12,2026-06-11,AVAILABLE,,,0.15,6.33,5.01,1.13
G59P2PAU9DDX,7.79,2026-06-02,MP9 | Mount Fuji (Minimal Wear),13.64,mythical,51a52663-6465-492a-9636-338cd98ffdd9,66509541.0,False,51a52663-6465-492a-9636-338cd98ffdd9,2026-06-09,2026-06-08,AVAILABLE,,,0.15,10.48,9.18,1.12
GSSTKE9HCSPG,6.27,2026-06-02,AWP | Exothermic (Minimal Wear),14.68,mythical,6af5d58b-a2a6-4043-80c4-f2745b676175,66515994.0,False,6af5d58b-a2a6-4043-80c4-f2745b676175,2026-06-11,2026-06-10,AVAILABLE,,,0.15,8.65,7.39,1.08
GSFPCS54T5ED,9.17,2026-06-03,AK-47 | Midnight Laminate (Minimal Wear),14.28,mythical,b4aebd15-8496-4527-9b37-6e3354989ad4,66519833.0,False,b4aebd15-8496-4527-9b37-6e3354989ad4,2026-06-12,2026-06-11,AVAILABLE,,,0.15,12.04,10.8,1.06
G4ZTFGCS7LCH,8.61,2026-05-16,StatTrak™ Glock-18 | Shinobu (Field-Tested),21.8,legendary,fdb6b482-7c72-47fa-8d94-a7b1d55f3f02,66450539.0,False,fdb6b482-7c72-47fa-8d94-a7b1d55f3f02,2026-05-24,2026-05-23,AVAILABLE,,,0.08,10.5,9.37,1.05
GDC7R56C348K,3.61,2026-05-12,USP-S | Royal Guard (Minimal Wear),11.46,mythical,067e386d-e5af-4665-be33-3b08b4bd293b,66407483.0,False,067e386d-e5af-4665-be33-3b08b4bd293b,2026-05-13,,AVAILABLE,,,0.08,5.05,3.93,1.04
GD2DHCE6TDZH,7.89,2026-06-02,MP9 | Mount Fuji (Minimal Wear),11.87,mythical,c86110b8-0ef5-497d-88ac-69b67b70ba9b,66515998.0,False,c86110b8-0ef5-497d-88ac-69b67b70ba9b,2026-06-11,2026-06-10,AVAILABLE,,,0.15,10.48,9.29,1.02
GG52H93CGEWK,4.5,2026-04-23,USP-S | Royal Guard (Minimal Wear),14.43,mythical,2b1fb237-c0ea-47ab-91c4-859927116b6e,66331670.0,False,2b1fb237-c0ea-47ab-91c4-859927116b6e,2026-04-24,,AVAILABLE,,,0.08,5.92,4.9,0.95
GLX7P639L2AX,0.5,2026-05-21,Five-SeveN | Sky Blue (Factory New),6.31,uncommon,7d803849-bcd0-439d-a521-c9e78bcdd63e,66442943.0,False,7d803849-bcd0-439d-a521-c9e78bcdd63e,2026-05-22,,AVAILABLE,,,0.08,1.54,0.55,0.92
GT4WA0L88RNN,10.74,2026-04-21,B Squadron Officer | SAS,,rare_character,92ca04b7-10c1-46b0-a599-a0d8a60911ee,66322144.0,False,92ca04b7-10c1-46b0-a599-a0d8a60911ee,2026-04-22,,AVAILABLE,,,0.08,12.66,11.68,0.91
GXZ394DUFH6D,1.31,2026-06-02,Souvenir FAMAS | CaliCamo (Factory New),6.24,uncommon,55ba6351-f311-45bf-ad60-7d37a58c3c5a,66509539.0,False,55ba6351-f311-45bf-ad60-7d37a58c3c5a,2026-06-09,2026-06-08,AVAILABLE,,,0.15,2.58,1.55,0.88
GK980EK72ZGS,1.21,2026-06-07,Nova | Army Sheen (Factory New),6.46,common,ad8376ac-9b50-4b65-830d-658df9325dbc,66505407.0,False,ad8376ac-9b50-4b65-830d-658df9325dbc,2026-06-08,,AVAILABLE,,,0.15,2.45,1.44,0.87
GD46G0R6HHRG,1.21,2026-06-07,Nova | Army Sheen (Factory New),2.71,common,519035cd-ba63-4f97-89de-2dcf50772dcd,66505405.0,False,519035cd-ba63-4f97-89de-2dcf50772dcd,2026-06-08,,AVAILABLE,,,0.15,2.45,1.44,0.87
GHX7ETL7G4DC,1.21,2026-06-07,Nova | Army Sheen (Factory New),3.4,common,547b1631-0fad-45de-9892-64e3a7a36f49,66505404.0,False,547b1631-0fad-45de-9892-64e3a7a36f49,2026-06-08,,AVAILABLE,,,0.15,2.45,1.44,0.87
G59Z9K24K6FS,1.21,2026-06-07,Nova | Army Sheen (Factory New),5.47,common,ba92a1ee-7ace-4553-8bef-b5a92c4ea12b,66505406.0,False,ba92a1ee-7ace-4553-8bef-b5a92c4ea12b,2026-06-08,,AVAILABLE,,,0.15,2.45,1.44,0.87
GLS5XG7ZU73N,1.21,2026-05-28,Nova | Army Sheen (Factory New),1.86,common,7165b70f-3b49-46a7-99f7-330c40be7fc7,66498766.0,False,7165b70f-3b49-46a7-99f7-330c40be7fc7,2026-06-06,2026-06-05,AVAILABLE,,,0.15,2.45,1.44,0.87
G7RL4878UZAG,0.55,2026-05-23,Five-SeveN | Sky Blue (Factory New),6.5,uncommon,c34601ea-efc0-47fa-9b28-2f534b628a91,66450535.0,False,c34601ea-efc0-47fa-9b28-2f534b628a91,2026-05-24,,AVAILABLE,,,0.08,1.54,0.61,0.87
GN5PD2RZ53D5,0.45,2026-05-29,Five-SeveN | Sky Blue (Factory New),6.61,uncommon,78e4f298-70a8-4214-9677-5bd7782ed78f,66498767.0,False,78e4f298-70a8-4214-9677-5bd7782ed78f,2026-06-06,2026-06-05,AVAILABLE,,,0.15,1.54,0.54,0.86
G0WCZGC2ZNFT,0.45,2026-05-28,Five-SeveN | Sky Blue (Factory New),5.71,uncommon,8f70843b-2af2-46cb-9de5-59420ab8e765,66483355.0,False,8f70843b-2af2-46cb-9de5-59420ab8e765,2026-06-02,2026-06-01,AVAILABLE,,,0.15,1.54,0.54,0.86
GLURDLD5A623,0.45,2026-05-28,Five-SeveN | Sky Blue (Factory New),4.03,uncommon,aa5495be-5e79-417d-b414-1246d1e8dc24,66483356.0,False,aa5495be-5e79-417d-b414-1246d1e8dc24,2026-06-02,2026-06-01,AVAILABLE,,,0.15,1.54,0.54,0.86
GAFGHDE2DZ2A,139.0,2026-03-11,CS:GO Weapon Case,,common,,923.0,True,1fec27ab-fffe-4185-aaba-d0464866b274,2026-03-12,,AVAILABLE,,,0.08,151.97,151.1,0.81
GUAC0AUWKSXR,4.05,2026-04-26,Glock-18 | Shinobu (Field-Tested),34.36,legendary,67098b67-c9dc-4e93-99b7-e6444e116768,66343341.0,False,67098b67-c9dc-4e93-99b7-e6444e116768,2026-04-27,,AVAILABLE,,,0.08,5.19,4.41,0.72
GEKK69RANNED,7.32,2026-06-01,Glock-18 | Shinobu (Minimal Wear),15.0,legendary,41c632a7-47d7-4a3c-845b-8c2164c2cfbe,66505401.0,False,41c632a7-47d7-4a3c-845b-8c2164c2cfbe,2026-06-08,2026-06-07,AVAILABLE,,,0.15,9.45,8.62,0.71
GPUP3L3Z9GEL,7.0,2026-04-23,AK-47 | The Outsiders (Field-Tested),31.7,legendary,44b2a506-4ebb-4586-811a-352ccab51891,66331677.0,False,44b2a506-4ebb-4586-811a-352ccab51891,2026-04-24,,AVAILABLE,,,0.08,8.36,7.62,0.69
GLGKKEAD5R2P,7.34,2026-06-02,Glock-18 | Shinobu (Minimal Wear),13.86,legendary,79ff3353-85df-4745-bf85-fb5607ed5aad,66512285.0,False,79ff3353-85df-4745-bf85-fb5607ed5aad,2026-06-10,2026-06-09,AVAILABLE,,,0.15,9.45,8.65,0.69
G4REZAFUSS6Z,1.15,2025-12-24,Zeus x27 | Electric Blue (Factory New),6.47,uncommon,8b6c390a-f987-4dfb-abe1-a3a3f061bb3a,65684182.0,False,8b6c390a-f987-4dfb-abe1-a3a3f061bb3a,2025-12-25,,AVAILABLE,,,0.07,1.93,1.25,0.64
GC658NF40P8H,5.73,2026-06-16,AK-47 | Wintergreen (Factory New),6.6,rare,c956210e-f54b-4c39-b3cc-b0d9f71274b4,66536363.0,False,c956210e-f54b-4c39-b3cc-b0d9f71274b4,2026-06-17,,AVAILABLE,,,0.15,7.48,6.75,0.63
G6RL5HZ783SW,8.0,2026-05-12,Slingshot | Phoenix,,mythical_character,f67b258d-4006-4e4e-8e79-3ded67ef7541,66407485.0,False,f67b258d-4006-4e4e-8e79-3ded67ef7541,2026-05-13,,AVAILABLE,,,0.08,9.37,8.71,0.62
G3R5570W9LWH,1.56,2026-01-19,Sticker | FaZe Clan (Holo) | Paris 2023,,legendary,,45027435.0,True,f0a112f7-0045-4fad-97e6-10a9e4ae376e,2026-02-20,,AVAILABLE,,,0.07,2.32,1.69,0.6
GFZ9SX699X92,8.99,2026-06-09,"Music Kit | Knock2, dashstar*",,rare,1906b643-ceb1-4422-b25d-e93ac08ee009,66512284.0,False,1906b643-ceb1-4422-b25d-e93ac08ee009,2026-06-10,,AVAILABLE,,,0.15,11.27,10.59,0.59
G4GG7E86562E,1.57,2026-06-02,Souvenir FAMAS | CaliCamo (Factory New),6.13,uncommon,1e47e5b5-cac4-4f5f-b146-7cd814855697,66488134.0,False,1e47e5b5-cac4-4f5f-b146-7cd814855697,2026-06-03,,AVAILABLE,,,0.15,2.52,1.86,0.57
GFZTW7WF6G78,6.71,2026-04-24,Enforcer | Phoenix,,rare_character,34987fd8-6d6d-4ace-9c0e-5dda409d735b,66335236.0,False,34987fd8-6d6d-4ace-9c0e-5dda409d735b,2026-04-25,,AVAILABLE,,,0.08,7.91,7.3,0.57
GT9NSE9AN48C,0.81,2026-05-17,Galil AR | Green Apple (Factory New),3.33,uncommon,e87b7475-ab33-47b8-af36-7e096c45553c,66426352.0,False,e87b7475-ab33-47b8-af36-7e096c45553c,2026-05-18,,AVAILABLE,,,0.08,1.49,0.89,0.56
GGXUCN44P8EN,9.05,2026-06-02,Desert Eagle | Crimson Web (Field-Tested),20.14,mythical,a7d627a9-f099-4bf7-831b-9abe8c2e4343,66512293.0,False,a7d627a9-f099-4bf7-831b-9abe8c2e4343,2026-06-10,2026-06-09,AVAILABLE,,,0.15,11.3,10.66,0.55
GRXNEUKXHX94,3.0,2026-04-26,Desert Eagle | Serpent Strike (Factory New),5.7,mythical,911001c5-1be5-4a8c-b255-0b78a3a6d236,66343338.0,False,911001c5-1be5-4a8c-b255-0b78a3a6d236,2026-04-27,,AVAILABLE,,,0.08,3.85,3.27,0.54
G3ANNPF77C37,5.06,2026-05-12,StatTrak™ M4A1-S | Night Terror (Factory New),5.78,mythical,d2352821-a22b-4ff0-993c-b2181fca45e2,66407487.0,False,d2352821-a22b-4ff0-993c-b2181fca45e2,2026-05-13,,AVAILABLE,,,0.08,6.08,5.51,0.53
GWNF3TRN6G89,0.11,2026-05-29,SSG 08 | Calligrafaux (Minimal Wear),13.04,uncommon,5d64e480-45b7-4b4d-ab63-7b7eeb08adca,66498771.0,False,5d64e480-45b7-4b4d-ab63-7b7eeb08adca,2026-06-06,2026-06-05,AVAILABLE,,,0.15,0.74,0.14,0.52
GT558DGEU488,0.12,2026-06-09,SSG 08 | Calligrafaux (Minimal Wear),14.65,uncommon,1b57f386-bd48-4f0f-b659-fd63df50a5e2,66536362.0,False,1b57f386-bd48-4f0f-b659-fd63df50a5e2,2026-06-17,2026-06-16,AVAILABLE,,,0.15,0.74,0.15,0.51
GEFAAGHD538N,0.13,2026-05-28,SSG 08 | Calligrafaux (Minimal Wear),11.9,uncommon,5f729517-2a0f-49e5-9932-c28975e623f8,66495754.0,False,5f729517-2a0f-49e5-9932-c28975e623f8,2026-06-05,2026-06-04,AVAILABLE,,,0.15,0.74,0.16,0.5
GK4Z5DXCH7K3,6.85,2026-06-02,AWP | Exothermic (Minimal Wear),14.9,mythical,ddcde60c-1744-4065-abe9-c3834914042b,66515997.0,False,ddcde60c-1744-4065-abe9-c3834914042b,2026-06-11,2026-06-10,AVAILABLE,,,0.15,8.65,8.07,0.5
GU6382T9DX0Z,0.13,2026-06-09,SSG 08 | Calligrafaux (Minimal Wear),14.0,uncommon,67fea6e9-1c8e-4bbf-90c0-110416fd1847,66538713.0,False,67fea6e9-1c8e-4bbf-90c0-110416fd1847,2026-06-18,2026-06-17,AVAILABLE,,,0.15,0.74,0.16,0.5
G4KXCL77F54T,0.35,2026-06-04,Souvenir MP5-SD | Lab Rats (Factory New),4.81,mythical,8b994033-32d2-48b8-99c2-5bb3129c40fa,66519835.0,False,8b994033-32d2-48b8-99c2-5bb3129c40fa,2026-06-12,2026-06-11,AVAILABLE,,,0.15,0.99,0.42,0.49
GLCS63WC507Z,0.15,2026-05-28,SSG 08 | Calligrafaux (Minimal Wear),14.59,uncommon,bc2830e0-a17c-4424-91b9-09a4c41c0ea4,66491391.0,False,bc2830e0-a17c-4424-91b9-09a4c41c0ea4,2026-06-04,2026-06-03,AVAILABLE,,,0.15,0.74,0.19,0.48
GKH4E402T9X0,5.0,2026-05-14,FAMAS | Rapid Eye Movement (Field-Tested),17.35,legendary,200a7ffa-2cf8-43d0-abef-bf4d926eb31b,66416273.0,False,200a7ffa-2cf8-43d0-abef-bf4d926eb31b,2026-05-15,,AVAILABLE,,,0.08,5.95,5.45,0.47
G55SCNSKX3E9,5.0,2026-05-15,FAMAS | Rapid Eye Movement (Field-Tested),27.72,legendary,9ab2a14b-c5fc-48bc-bb1d-838f9c9df3d7,66419640.0,False,9ab2a14b-c5fc-48bc-bb1d-838f9c9df3d7,2026-05-16,,AVAILABLE,,,0.08,5.95,5.45,0.47
G9HSZDX9WTEU,0.21,2026-05-18,SSG 08 | Calligrafaux (Minimal Wear),12.62,uncommon,5790dfcd-3c57-4b0b-873a-5177bb75af49,66429579.0,False,5790dfcd-3c57-4b0b-873a-5177bb75af49,2026-05-19,,AVAILABLE,,,0.08,0.74,0.24,0.47
GEPWEP4E7ZRE,6.89,2026-06-08,AWP | Exothermic (Minimal Wear),14.39,mythical,27ec40a3-092b-4326-9569-6fe9411dc241,66536364.0,False,27ec40a3-092b-4326-9569-6fe9411dc241,2026-06-17,2026-06-16,AVAILABLE,,,0.15,8.65,8.12,0.46
GWXNS4RU4N8C,1.25,2026-04-16,USP-S | Royal Guard (Field-Tested),29.95,mythical,6bd3a5de-7587-45f2-adb2-18eceb19d093,66317104.0,False,6bd3a5de-7587-45f2-adb2-18eceb19d093,2026-04-22,,AVAILABLE,,,0.08,1.84,1.37,0.44
G5SCSZFU09A9,3.8,2026-06-07,M4A1-S | Glitched Paint (Minimal Wear),13.39,mythical,80e7909f-1dfe-46d9-b8f8-4d366f657c5e,66533600.0,False,80e7909f-1dfe-46d9-b8f8-4d366f657c5e,2026-06-16,2026-06-15,AVAILABLE,,,0.15,4.99,4.48,0.44
GHL956L5CXAE,0.39,2026-06-04,Souvenir MP5-SD | Lab Rats (Factory New),5.05,mythical,44b4382b-bc29-46a0-acf3-b33120d7a539,66519834.0,False,44b4382b-bc29-46a0-acf3-b33120d7a539,2026-06-12,2026-06-11,AVAILABLE,,,0.15,0.98,0.47,0.44
GDALPSEDRXZG,0.39,2026-06-02,Souvenir MP5-SD | Lab Rats (Factory New),4.17,mythical,23fd3d2d-1609-417d-a7c1-b759db0ccb41,66488136.0,False,23fd3d2d-1609-417d-a7c1-b759db0ccb41,2026-06-03,,AVAILABLE,,,0.15,0.96,0.47,0.43
G9WZ7X0FN8TC,0.39,2026-06-02,Souvenir MP5-SD | Lab Rats (Factory New),3.32,mythical,9c8f1521-b00a-46ac-bb50-17ad5a7cca72,66488138.0,False,9c8f1521-b00a-46ac-bb50-17ad5a7cca72,2026-06-03,,AVAILABLE,,,0.15,0.96,0.47,0.43
GAUC98RDXGZN,6.92,2026-06-02,AWP | Exothermic (Minimal Wear),15.0,mythical,1f026705-f2dd-460f-8cb3-6ae2fa21bff4,66512292.0,False,1f026705-f2dd-460f-8cb3-6ae2fa21bff4,2026-06-10,2026-06-09,AVAILABLE,,,0.15,8.65,8.15,0.43
G7FGNECCUL7C,0.39,2026-06-02,Souvenir MP5-SD | Lab Rats (Factory New),5.24,mythical,9a23a05d-481d-43b6-9f07-7c356e2a20cc,66488135.0,False,9a23a05d-481d-43b6-9f07-7c356e2a20cc,2026-06-03,,AVAILABLE,,,0.15,0.96,0.47,0.43
G0PFR4C7UERK,0.39,2026-06-02,Souvenir MP5-SD | Lab Rats (Factory New),3.49,mythical,3c6cacb6-1a61-47a6-8de5-bee38923f836,66488137.0,False,3c6cacb6-1a61-47a6-8de5-bee38923f836,2026-06-03,,AVAILABLE,,,0.15,0.96,0.47,0.43
GHF50S6CN4DD,2.01,2026-06-02,USP-S | Ticket to Hell (Factory New),6.59,mythical,06364f63-b9f6-46ce-a1ee-8466c63dca10,66509535.0,False,06364f63-b9f6-46ce-a1ee-8466c63dca10,2026-06-09,2026-06-08,AVAILABLE,,,0.15,2.86,2.38,0.42
GNLS7F2U0AHS,5.06,2026-05-15,FAMAS | Rapid Eye Movement (Field-Tested),32.4,legendary,d7306fac-fe45-4f4e-8f60-1ff0a5f82d54,66419645.0,False,d7306fac-fe45-4f4e-8f60-1ff0a5f82d54,2026-05-16,,AVAILABLE,,,0.08,5.95,5.51,0.41
GPNPSKE4R252,4.97,2026-05-14,M4A1-S | Liquidation (Minimal Wear),11.91,mythical,1d6fddfa-4ef5-4b9a-b774-c55f5e380afc,66416272.0,False,1d6fddfa-4ef5-4b9a-b774-c55f5e380afc,2026-05-15,,AVAILABLE,,,0.08,5.85,5.41,0.41
GTEG2LX3FGZS,0.32,2026-05-15,MAG-7 | Wildwood (Factory New),6.93,uncommon,0ffdad68-5ff8-46e7-a303-907e3987286f,66419646.0,False,0ffdad68-5ff8-46e7-a303-907e3987286f,2026-05-16,,AVAILABLE,,,0.08,0.79,0.36,0.41
GW0LDUKGSWHZ,0.43,2026-06-02,Souvenir MP5-SD | Lab Rats (Factory New),6.43,mythical,ebc9ecd1-8b34-4050-856a-5eb682de8c53,66505402.0,False,ebc9ecd1-8b34-4050-856a-5eb682de8c53,2026-06-08,2026-06-07,AVAILABLE,,,0.15,0.99,0.52,0.41
GU4ZU9XW55HC,0.32,2026-05-18,MAG-7 | Wildwood (Factory New),6.33,uncommon,aa3c8088-9eb7-47a0-93d6-dcb986b95777,66429580.0,False,aa3c8088-9eb7-47a0-93d6-dcb986b95777,2026-05-19,,AVAILABLE,,,0.08,0.79,0.36,0.41
GLDS5UH6DNKZ,2.75,2026-05-18,AK-47 | Wintergreen (Minimal Wear),13.4,rare,904c64a3-d753-483f-8079-aca268068327,66429576.0,False,904c64a3-d753-483f-8079-aca268068327,2026-05-19,,AVAILABLE,,,0.08,3.44,3.0,0.41
G46078GFH528,0.33,2026-05-16,MAG-7 | Wildwood (Factory New),4.07,uncommon,f047b819-6e1b-4315-bfae-65c49af9532d,66422808.0,False,f047b819-6e1b-4315-bfae-65c49af9532d,2026-05-17,,AVAILABLE,,,0.08,0.79,0.37,0.4
GS3CCFPUDA4X,2.0,2026-06-05,USP-S | Silent Shot (Factory New),3.92,rare,b91128b1-0c77-4781-b58e-c75d582ebdb5,66527240.0,False,b91128b1-0c77-4781-b58e-c75d582ebdb5,2026-06-14,2026-06-13,AVAILABLE,,,0.15,2.81,2.36,0.39
GK49S9ES95E7,0.45,2026-06-03,Souvenir MP5-SD | Lab Rats (Factory New),5.12,mythical,05495337-b09d-4201-9300-92d6d9910f14,66509534.0,False,05495337-b09d-4201-9300-92d6d9910f14,2026-06-09,2026-06-08,AVAILABLE,,,0.15,0.99,0.54,0.39
GKK0H2A3LZ8C,0.29,2026-05-21,SSG 08 | Calligrafaux (Minimal Wear),11.76,uncommon,09494545-535b-46bd-932f-47741fbfe287,66442944.0,False,09494545-535b-46bd-932f-47741fbfe287,2026-05-22,,AVAILABLE,,,0.08,0.74,0.33,0.39
GWHWZ2TZTZDT,0.45,2026-06-02,Souvenir MP5-SD | Lab Rats (Factory New),4.77,mythical,9a286b4f-5a71-4afc-a9eb-e19294747862,66509536.0,False,9a286b4f-5a71-4afc-a9eb-e19294747862,2026-06-09,2026-06-08,AVAILABLE,,,0.15,0.99,0.54,0.39
GG0FNK5PC28W,3.05,2026-04-20,Sticker | Bolt Charge (Foil),,legendary,,55478593.0,True,2595044d-aea2-4134-b30d-2b3767a4eb4d,2026-04-21,,AVAILABLE,,,0.08,3.73,3.33,0.38
GH6TLELA2E0C,5.44,2026-04-21,MP9 | Arctic Tri-Tone (Minimal Wear),10.23,mythical,7cbb18f0-2fc0-4fa9-af8d-c9f40fbc25b5,66352903.0,False,7cbb18f0-2fc0-4fa9-af8d-c9f40fbc25b5,2026-04-30,2026-04-29,AVAILABLE,,,0.08,6.33,5.92,0.38
GS28HFDNSRAT,2.96,2026-05-14,Easy Peasy Pin,,mythical,,885060.0,True,90ea3ef4-2d2c-40bd-9a59-77127be69333,2026-05-15,,AVAILABLE,,,0.08,3.63,3.23,0.38
GZ0ALAK5EHLE,0.67,2026-06-16,USP-S | Silent Shot (Minimal Wear),12.59,rare,e7c82f35-d6ef-40d1-b3cb-1852d7e07c54,66536366.0,False,e7c82f35-d6ef-40d1-b3cb-1852d7e07c54,2026-06-17,,AVAILABLE,,,0.15,1.22,0.8,0.37
G2E03D88ATN8,2.8,2026-06-02,Souvenir Five-SeveN | Withered Vine (Factory New),4.74,uncommon,f4ca7b0a-3482-412b-b3ae-20049c4b07bd,66488139.0,False,f4ca7b0a-3482-412b-b3ae-20049c4b07bd,2026-06-03,,AVAILABLE,,,0.15,3.73,3.31,0.37
GK3AGLE93R9D,2.8,2026-06-02,Souvenir Five-SeveN | Withered Vine (Factory New),5.69,uncommon,e9a2f9e7-e0ae-4cc1-9e4a-020a6c462682,66488144.0,False,e9a2f9e7-e0ae-4cc1-9e4a-020a6c462682,2026-06-03,,AVAILABLE,,,0.15,3.73,3.31,0.37
GF0AWA8PCH2Z,2.8,2026-06-02,Souvenir Five-SeveN | Withered Vine (Factory New),4.87,uncommon,861b18b3-7b25-489e-824d-9af2920bac3e,66488140.0,False,861b18b3-7b25-489e-824d-9af2920bac3e,2026-06-03,,AVAILABLE,,,0.15,3.73,3.31,0.37
G5EG6NXZ8FKS,2.8,2026-06-02,Souvenir Five-SeveN | Withered Vine (Factory New),4.71,uncommon,aa72d51d-c1aa-46c8-8469-c463aa9a9ad4,66488142.0,False,aa72d51d-c1aa-46c8-8469-c463aa9a9ad4,2026-06-03,,AVAILABLE,,,0.15,3.73,3.31,0.37
G5S3D2TUREZU,2.8,2026-06-02,Souvenir Five-SeveN | Withered Vine (Factory New),4.69,uncommon,4c31667b-1693-4aba-b504-9bc72f14652e,66488141.0,False,4c31667b-1693-4aba-b504-9bc72f14652e,2026-06-03,,AVAILABLE,,,0.15,3.73,3.31,0.37
GR92WUR9TNLZ,2.8,2026-06-02,Souvenir Five-SeveN | Withered Vine (Factory New),5.63,uncommon,f21ede82-b590-408a-9b55-8cd7c7617b6d,66488143.0,False,f21ede82-b590-408a-9b55-8cd7c7617b6d,2026-06-03,,AVAILABLE,,,0.15,3.73,3.31,0.37
GKPWXL27Z25S,3.54,2026-06-08,M4A1-S | Solitude (Minimal Wear),9.96,legendary,5b232847-edf3-4e9c-ba03-7f7d0ad7b0ba,66536361.0,False,5b232847-edf3-4e9c-ba03-7f7d0ad7b0ba,2026-06-17,2026-06-16,AVAILABLE,,,0.15,4.59,4.18,0.36
G3N8XX4NX8TK,2.07,2026-06-02,AK-47 | Wintergreen (Minimal Wear),10.36,rare,b310e750-782c-4cd6-a4f9-a489ec93cb50,66509537.0,False,b310e750-782c-4cd6-a4f9-a489ec93cb50,2026-06-09,2026-06-08,AVAILABLE,,,0.15,2.86,2.45,0.36
GUUW05T3P2W3,2.07,2026-06-02,AK-47 | Wintergreen (Minimal Wear),12.33,rare,2b2fbbb4-0da6-4c7f-ba06-fec2edc5c07f,66509538.0,False,2b2fbbb4-0da6-4c7f-ba06-fec2edc5c07f,2026-06-09,2026-06-08,AVAILABLE,,,0.15,2.86,2.45,0.36
G427EFW8ZTDU,1.6,2026-06-08,StatTrak™ USP-S | Ticket to Hell (Minimal Wear),7.67,mythical,d3195cb7-9072-4160-b9b2-ae8e6bffa182,66536360.0,False,d3195cb7-9072-4160-b9b2-ae8e6bffa182,2026-06-17,2026-06-16,AVAILABLE,,,0.15,2.28,1.89,0.34
GWLWSHDCNALC,3.09,2026-04-19,Sticker | Bolt Charge (Foil),,legendary,,55478593.0,True,0fa7086d-38a7-4d77-9678-fba4c84f65d4,2026-04-22,,AVAILABLE,,,0.08,3.73,3.37,0.34
GNPX6CE2S8R4,3.23,2026-04-21,Sticker | Winding Scorch (Foil),,legendary,,55450345.0,True,9565de57-4d7e-473f-9aaf-b88ce245aa12,2026-04-22,,AVAILABLE,,,0.08,3.87,3.52,0.33
GNKL2A2S0Z8W,1.72,2026-05-28,M4A1-S | Electrum (Field-Tested),37.54,mythical,0a53bb2f-6366-4a81-b805-f86f6d885840,66488129.0,False,0a53bb2f-6366-4a81-b805-f86f6d885840,2026-06-03,2026-06-02,AVAILABLE,,,0.15,2.41,2.04,0.33
GX37FNALN6U8,0.4,2026-05-24,MAG-7 | Wildwood (Factory New),3.22,uncommon,2348ed54-8968-47b9-b5c0-bcf35af23f16,66455134.0,False,2348ed54-8968-47b9-b5c0-bcf35af23f16,2026-05-25,,AVAILABLE,,,0.08,0.79,0.45,0.33
GXPSC7XAA08R,0.51,2026-06-03,Souvenir MP5-SD | Lab Rats (Factory New),1.6,mythical,2f72bee6-7f3d-45e2-b858-1cf5c3fa793b,66519831.0,False,2f72bee6-7f3d-45e2-b858-1cf5c3fa793b,2026-06-12,2026-06-11,AVAILABLE,,,0.15,0.99,0.61,0.33
G70FZLK6S3KH,3.62,2026-05-15,USP-S | Jawbreaker (Field-Tested),25.07,legendary,ed7a6ee1-c48a-4f6c-9145-3b59535dd6a4,66450536.0,False,ed7a6ee1-c48a-4f6c-9145-3b59535dd6a4,2026-05-24,2026-05-23,AVAILABLE,,,0.08,4.29,3.95,0.33
GCSLS7CULNE2,3.62,2026-05-15,USP-S | Jawbreaker (Field-Tested),21.34,legendary,278bf9f3-40ef-40ec-b9d3-65d216a92bec,66450537.0,False,278bf9f3-40ef-40ec-b9d3-65d216a92bec,2026-05-24,2026-05-23,AVAILABLE,,,0.08,4.29,3.95,0.33
GGPLDWSZATSN,2.91,2026-03-30,StatTrak™ M4A1-S | Night Terror (Minimal Wear),9.01,mythical,d8a1f7af-6a77-4ec5-8c8d-b0ede25f6d5b,66317078.0,False,d8a1f7af-6a77-4ec5-8c8d-b0ede25f6d5b,2026-04-22,,AVAILABLE,,,0.08,3.51,3.17,0.32
G32LTXD7UCAP,5.27,2026-05-14,StatTrak™ M4A1-S | Night Terror (Factory New),2.34,mythical,b720d83d-b8d4-432d-9e77-aca6fecf0e13,66416261.0,False,b720d83d-b8d4-432d-9e77-aca6fecf0e13,2026-05-15,,AVAILABLE,,,0.08,6.08,5.74,0.32
GU6DKS2S3AFK,3.65,2026-05-14,USP-S | Jawbreaker (Field-Tested),29.01,legendary,31c72b90-4a9e-482a-ba5b-38c8f38950f7,66447230.0,False,31c72b90-4a9e-482a-ba5b-38c8f38950f7,2026-05-23,2026-05-22,AVAILABLE,,,0.08,4.29,3.98,0.3
GAWPH0PEZA9L,0.29,2026-05-28,Souvenir MP5-SD | Lab Rats (Minimal Wear),14.2,mythical,8c9f1055-12f6-4de1-8250-e963aa0a8171,66470444.0,False,8c9f1055-12f6-4de1-8250-e963aa0a8171,2026-05-29,,AVAILABLE,,,0.15,0.7,0.35,0.3
GLL502Z949HG,2.51,2026-06-02,Glock-18 | Moonrise (Factory New),6.47,mythical,9102f7e2-effe-4df4-abec-8127dd9d6362,66501411.0,False,9102f7e2-effe-4df4-abec-8127dd9d6362,2026-06-07,2026-06-06,AVAILABLE,,,0.15,3.3,2.96,0.29
G3D32U3L9FT5,0.31,2026-06-02,Souvenir MP5-SD | Lab Rats (Minimal Wear),10.75,mythical,a47951ba-d268-4f25-bd3c-ef2961e5da3d,66488145.0,False,a47951ba-d268-4f25-bd3c-ef2961e5da3d,2026-06-03,,AVAILABLE,,,0.15,0.7,0.38,0.28
GU6R5UXZG3DA,0.31,2026-06-02,Souvenir MP5-SD | Lab Rats (Minimal Wear),8.99,mythical,35ba876f-af93-4ed4-b483-b43504050ae7,66488146.0,False,35ba876f-af93-4ed4-b483-b43504050ae7,2026-06-03,,AVAILABLE,,,0.15,0.7,0.38,0.28
G780FP8ZDGE6,0.31,2026-06-02,Souvenir MP5-SD | Lab Rats (Minimal Wear),14.17,mythical,db8c05a7-d20e-4bef-9587-76664671f2f0,66488147.0,False,db8c05a7-d20e-4bef-9587-76664671f2f0,2026-06-03,,AVAILABLE,,,0.15,0.7,0.38,0.28
G2REGUN9SWDS,2.38,2026-05-14,StatTrak™ Desert Eagle | Serpent Strike (Minimal Wear),8.14,mythical,279fde7a-d705-411e-90e1-02d6ade05ab0,66416259.0,False,279fde7a-d705-411e-90e1-02d6ade05ab0,2026-05-15,,AVAILABLE,,,0.08,2.89,2.6,0.28
G9NKZE2ZH97W,5.0,2026-05-14,Dual Berettas | Melondrama (Field-Tested),30.66,legendary,9df69ff9-dfbe-43b7-b100-7984913c08db,66416271.0,False,9df69ff9-dfbe-43b7-b100-7984913c08db,2026-05-15,,AVAILABLE,,,0.08,5.74,5.45,0.28
G6X87FREACA6,1.63,2026-05-13,Sealed Dead Hand Terminal,,common,,66077194.0,True,86046b70-564c-44fb-acf0-5c837a612423,2026-05-14,,AVAILABLE,,,0.08,2.08,1.78,0.28
GE6DXDC3K4HW,4.61,2026-04-23,Five-SeveN | Boost Protocol (Minimal Wear),13.49,mythical,81d84c80-ea39-4392-b756-65ee81835c6f,66356841.0,False,81d84c80-ea39-4392-b756-65ee81835c6f,2026-05-01,2026-04-30,AVAILABLE,,,0.08,5.3,5.02,0.27
G7HWCAUDNRT5,4.32,2026-06-02,StatTrak™ M4A1-S | Night Terror (Factory New),6.11,mythical,af54053c-b337-409b-ae21-d6ce454dadb0,66488132.0,False,af54053c-b337-409b-ae21-d6ce454dadb0,2026-06-03,,AVAILABLE,,,0.15,5.4,5.09,0.27
GU48WZRZN9PC,0.32,2026-06-02,Souvenir MP5-SD | Lab Rats (Minimal Wear),9.2,mythical,7923e17f-ad0a-44a2-8e15-f4d1b26115f9,66488148.0,False,7923e17f-ad0a-44a2-8e15-f4d1b26115f9,2026-06-03,,AVAILABLE,,,0.15,0.7,0.39,0.27
GU4GT5GD0KNU,4.61,2026-04-23,Five-SeveN | Boost Protocol (Minimal Wear),14.9,mythical,ff6e804f-7bcc-4cb0-af54-0396dcae47e0,66356840.0,False,ff6e804f-7bcc-4cb0-af54-0396dcae47e0,2026-05-01,2026-04-30,AVAILABLE,,,0.08,5.3,5.02,0.27
GA8T0EKHDGX9,0.33,2026-06-02,Souvenir MP5-SD | Lab Rats (Minimal Wear),9.72,mythical,9fc61da6-515e-42fd-b2f7-ab9e4fd35b50,66488149.0,False,9fc61da6-515e-42fd-b2f7-ab9e4fd35b50,2026-06-03,,AVAILABLE,,,0.15,0.7,0.4,0.26
GSKRKZDNA9C4,2.89,2026-06-03,MP9 | Arctic Tri-Tone (Field-Tested),17.8,mythical,aee25124-75bd-4202-adad-4632d32f98b5,66519832.0,False,aee25124-75bd-4202-adad-4632d32f98b5,2026-06-12,2026-06-11,AVAILABLE,,,0.15,3.69,3.41,0.25
G7W8N4WLRSDT,2.89,2026-06-04,MP9 | Arctic Tri-Tone (Field-Tested),25.47,mythical,5816810f-01cc-417a-ab5a-46d4570748b7,66519840.0,False,5816810f-01cc-417a-ab5a-46d4570748b7,2026-06-12,2026-06-11,AVAILABLE,,,0.15,3.69,3.41,0.25
G79TS7A77ERZ,2.89,2026-06-04,MP9 | Arctic Tri-Tone (Field-Tested),24.88,mythical,c04e7cf7-fffe-4e00-a0b8-527f425b894e,66519839.0,False,c04e7cf7-fffe-4e00-a0b8-527f425b894e,2026-06-12,2026-06-11,AVAILABLE,,,0.15,3.69,3.41,0.25
GAAC6W2KWD3G,2.89,2026-06-04,MP9 | Arctic Tri-Tone (Field-Tested),25.12,mythical,a13c5e82-3be0-4c52-9a2e-d6b926b77548,66519838.0,False,a13c5e82-3be0-4c52-9a2e-d6b926b77548,2026-06-12,2026-06-11,AVAILABLE,,,0.15,3.69,3.41,0.25
G3ARNH6T0AG8,2.89,2026-06-02,MP9 | Arctic Tri-Tone (Field-Tested),22.41,mythical,fb9fe5f8-6344-49a2-9ad7-a61c07fc8f90,66512294.0,False,fb9fe5f8-6344-49a2-9ad7-a61c07fc8f90,2026-06-10,2026-06-09,AVAILABLE,,,0.15,3.69,3.41,0.25
GT2EP5EAR88A,3.03,2026-04-15,MP9 | Cobalt Paisley (Factory New),6.69,rare,58861fbb-ffcd-46d5-96c4-38f6806c6571,66317099.0,False,58861fbb-ffcd-46d5-96c4-38f6806c6571,2026-04-22,,AVAILABLE,,,0.08,3.55,3.3,0.24
G4HE06NZFTSU,3.04,2026-04-15,MP9 | Cobalt Paisley (Factory New),6.42,rare,7d5909ab-9347-4444-bd9e-9f5fafa5edbb,66317097.0,False,7d5909ab-9347-4444-bd9e-9f5fafa5edbb,2026-04-22,,AVAILABLE,,,0.08,3.55,3.32,0.23
GZN922KLR43E,3.04,2026-04-15,MP9 | Cobalt Paisley (Factory New),6.82,rare,cc7f92be-0de2-4191-8296-ac81b021bce5,66317098.0,False,cc7f92be-0de2-4191-8296-ac81b021bce5,2026-04-22,,AVAILABLE,,,0.08,3.55,3.32,0.23
GLFK28NSE8EC,3.59,2026-05-13,USP-S | Jawbreaker (Field-Tested),28.37,legendary,06cb96d6-e3bb-44ae-aa69-10354a9349da,66412240.0,False,06cb96d6-e3bb-44ae-aa69-10354a9349da,2026-05-14,,AVAILABLE,,,0.08,4.15,3.91,0.23
GF6U8CDH07HL,3.1,2026-05-13,Glock-18 | Moonrise (Factory New),6.72,mythical,a7d5f452-b735-4cc3-bafe-643b3b45a0d9,66412238.0,False,a7d5f452-b735-4cc3-bafe-643b3b45a0d9,2026-05-14,,AVAILABLE,,,0.08,3.62,3.38,0.23
GFH9WAPZDUNK,3.59,2026-05-15,USP-S | Jawbreaker (Field-Tested),32.92,legendary,54f07cd1-6ed4-4a0c-8c73-85a5e2c10bc9,66419641.0,False,54f07cd1-6ed4-4a0c-8c73-85a5e2c10bc9,2026-05-16,,AVAILABLE,,,0.08,4.15,3.91,0.23
GS205F0XC9K2,3.6,2026-05-14,USP-S | Jawbreaker (Field-Tested),31.73,legendary,e76c2822-586d-44dd-8263-ef0b35fc8728,66416264.0,False,e76c2822-586d-44dd-8263-ef0b35fc8728,2026-05-15,,AVAILABLE,,,0.08,4.15,3.92,0.22
GTF240AG7PZ4,2.33,2026-02-02,Operation Hydra Case Key,,common,,140927.0,True,84b60c23-2632-4312-94a7-121a3d468ed6,2026-02-20,,AVAILABLE,,,0.07,2.74,2.52,0.22
GTS3P5AHZ5CS,1.7,2026-05-13,Sealed Dead Hand Terminal,,common,,66077194.0,True,f8371890-44d3-48be-99d7-0f2a1f23fc9f,2026-05-14,,AVAILABLE,,,0.08,2.08,1.86,0.21
GC2WRL5657S0,1.7,2026-05-13,Sealed Dead Hand Terminal,,common,,66077194.0,True,10cb9fe0-efeb-4954-b5c3-85fba314b0e3,2026-05-14,,AVAILABLE,,,0.08,2.08,1.86,0.21
G6ALDPAES034,1.7,2026-05-13,Sealed Dead Hand Terminal,,common,,66077194.0,True,39465e7f-9555-47f4-bcd1-2243a2dd41eb,2026-05-14,,AVAILABLE,,,0.08,2.08,1.86,0.21
GKN5FCK3R457,1.7,2026-05-12,Sealed Dead Hand Terminal,,common,,66077194.0,True,172318af-21fe-4c4c-9abc-55dbb4ea6cc6,2026-05-13,,AVAILABLE,,,0.08,2.08,1.86,0.21
GL5458228UZ7,1.29,2026-05-18,USP-S | Silent Shot (Minimal Wear),11.97,rare,0b5d733a-1671-409f-8938-e9f68f7e8fa3,66429570.0,False,0b5d733a-1671-409f-8938-e9f68f7e8fa3,2026-05-19,,AVAILABLE,,,0.08,1.63,1.41,0.21
GR957C6G8XFR,2.51,2026-06-05,AK-47 | Crossfade (Minimal Wear),12.17,rare,352cc5ca-bd7d-418e-b9f8-8ab979edd448,66527239.0,False,352cc5ca-bd7d-418e-b9f8-8ab979edd448,2026-06-14,2026-06-13,AVAILABLE,,,0.15,3.18,2.96,0.19
GGXH7CT88009,1.57,2026-06-09,StatTrak™ Desert Eagle | Serpent Strike (Minimal Wear),9.39,mythical,fb41a713-a33f-4355-bd3f-1e2181df2ea4,66538712.0,False,fb41a713-a33f-4355-bd3f-1e2181df2ea4,2026-06-18,2026-06-17,AVAILABLE,,,0.15,2.07,1.86,0.19
GAGG0D07C5DN,2.7,2026-05-16,AWP | Mortis (Field-Tested),21.23,legendary,ad1f647a-4a93-4640-a861-60413a02c01c,66422802.0,False,ad1f647a-4a93-4640-a861-60413a02c01c,2026-05-17,,AVAILABLE,,,0.08,3.13,2.95,0.18
G9TWUDE0CG27,1.68,2026-05-18,StatTrak™ Desert Eagle | Blue Ply (Minimal Wear),14.1,rare,9e19ddd4-bba7-4a6d-b495-5d3b04bf86e3,66429577.0,False,9e19ddd4-bba7-4a6d-b495-5d3b04bf86e3,2026-05-19,,AVAILABLE,,,0.08,2.02,1.84,0.18
GNGWHC8EAHA8,1.69,2026-05-12,StatTrak™ Desert Eagle | Blue Ply (Minimal Wear),9.54,rare,c48b34c0-4e7c-4c26-a4a1-6de11478924e,66407488.0,False,c48b34c0-4e7c-4c26-a4a1-6de11478924e,2026-05-13,,AVAILABLE,,,0.08,2.02,1.85,0.17
G5E7TUSK3A58,0.66,2026-06-04,USP-S | Alpine Camo (Minimal Wear),9.31,rare,414242d0-0d82-4293-8bff-194a4a9b7e85,66519836.0,False,414242d0-0d82-4293-8bff-194a4a9b7e85,2026-06-12,2026-06-11,AVAILABLE,,,0.15,0.97,0.79,0.16
G6U9LU6FRDEC,1.51,2026-05-13,Sealed Dead Hand Terminal,,common,,66077194.0,True,8d750a6b-85e1-4ce0-a721-c35924e61c72,2026-05-14,,AVAILABLE,,,0.08,1.81,1.65,0.16
GNLH30T9TTGZ,2.5,2026-04-22,MP9 | Cobalt Paisley (Factory New),6.53,rare,6db5d486-5ee9-4a4c-9454-0d6536ea4baa,66326712.0,False,6db5d486-5ee9-4a4c-9454-0d6536ea4baa,2026-04-23,,AVAILABLE,,,0.08,2.89,2.73,0.16
GAEXDWH6DH9K,1.71,2026-04-23,Desert Eagle | Meteorite (Factory New),4.5,rare,6692ec5a-6a7a-410f-bd10-a6492348c6c6,66331676.0,False,6692ec5a-6a7a-410f-bd10-a6492348c6c6,2026-04-24,,AVAILABLE,,,0.08,2.02,1.87,0.15
G94P65KGR48A,1.86,2026-05-15,StatTrak™ Desert Eagle | Blue Ply (Minimal Wear),14.42,rare,8e441fb6-611c-4b6a-8ef8-3f0473d474ec,66419644.0,False,8e441fb6-611c-4b6a-8ef8-3f0473d474ec,2026-05-16,,AVAILABLE,,,0.08,2.18,2.03,0.15
G42HCFP0PCTD,1.98,2026-05-12,StatTrak™ Glock-18 | Umbral Rabbit (Minimal Wear),12.51,mythical,c106c7fb-4cb4-4442-8b07-903acc13036d,66435710.0,False,c106c7fb-4cb4-4442-8b07-903acc13036d,2026-05-20,2026-05-19,AVAILABLE,,,0.08,2.31,2.16,0.15
GPX6D5CD428U,1.36,2026-06-02,Sticker | Rainbow Route (Holo),,mythical,,55373804.0,True,a9f0ae47-4e91-4884-b9fc-5476b5e70319,2026-06-03,,AVAILABLE,,,0.15,1.76,1.61,0.14
G6NEEUN6DH2U,0.4,2026-06-09,Galil AR | Green Apple (Factory New),3.24,uncommon,8ce685ca-3b14-4bde-9227-af06ffe77e46,66533601.0,False,8ce685ca-3b14-4bde-9227-af06ffe77e46,2026-06-16,2026-06-15,AVAILABLE,,,0.15,0.63,0.48,0.14
GDLSSNWH5KZF,0.4,2026-06-09,Galil AR | Green Apple (Factory New),5.88,uncommon,0385c3a8-e1bc-45f1-aca5-b27fd5610bb1,66533602.0,False,0385c3a8-e1bc-45f1-aca5-b27fd5610bb1,2026-06-16,2026-06-15,AVAILABLE,,,0.15,0.63,0.48,0.14
G2GT50UHT76X,1.72,2026-05-15,StatTrak™ Desert Eagle | Blue Ply (Minimal Wear),14.95,rare,79cfa9f8-f94d-454a-92cd-6d1df639f0eb,66419643.0,False,79cfa9f8-f94d-454a-92cd-6d1df639f0eb,2026-05-16,,AVAILABLE,,,0.08,2.02,1.88,0.14
GNFGAXWDTEN6,0.4,2026-06-09,Galil AR | Green Apple (Factory New),2.69,uncommon,d8855435-3bdb-4d3e-89ff-bdd5190a2ef4,66533603.0,False,d8855435-3bdb-4d3e-89ff-bdd5190a2ef4,2026-06-16,2026-06-15,AVAILABLE,,,0.15,0.63,0.48,0.14
G03U7HRGU325,1.36,2026-06-02,Sticker | Rainbow Route (Holo),,mythical,,55373804.0,True,ea630e60-67cf-4501-81fb-37fc5489eea0,2026-06-03,,AVAILABLE,,,0.15,1.76,1.61,0.14
GC74DLWSZ26Z,1.36,2026-06-02,Sticker | Rainbow Route (Holo),,mythical,,55373804.0,True,d270cbc8-2b91-4063-a6ed-275c44745a7e,2026-06-03,,AVAILABLE,,,0.15,1.76,1.61,0.14
G07TSNWURXDZ,1.36,2026-06-02,Sticker | Rainbow Route (Holo),,mythical,,55373804.0,True,3cf5bbcf-4bed-400d-9157-1bdfcc165a8a,2026-06-03,,AVAILABLE,,,0.15,1.76,1.61,0.14
GG8D23P3P2R0,1.36,2026-06-02,Sticker | Rainbow Route (Holo),,mythical,,55373804.0,True,13071ac4-7f08-4f86-8c89-a77306f32fd3,2026-06-03,,AVAILABLE,,,0.15,1.76,1.61,0.14
GU0DAD5PRXXE,1.36,2026-06-02,Sticker | Rainbow Route (Holo),,mythical,,55373804.0,True,826f1a8e-6b21-4db2-8b96-5fdec2dde192,2026-06-03,,AVAILABLE,,,0.15,1.76,1.61,0.14
GWDU5HKWZHE5,1.94,2026-06-03,M4A1-S | Liquidation (Field-Tested),36.99,mythical,74ffbcb5-9b37-4559-b88e-30fd91ac780d,66498770.0,False,74ffbcb5-9b37-4559-b88e-30fd91ac780d,2026-06-06,2026-06-05,AVAILABLE,,,0.15,2.43,2.29,0.13
GDHKR5PW7GT7,0.69,2026-06-05,USP-S | Alpine Camo (Minimal Wear),12.38,rare,84e2cd74-ef76-468b-a42e-3697487b6e7f,66527244.0,False,84e2cd74-ef76-468b-a42e-3697487b6e7f,2026-06-14,2026-06-13,AVAILABLE,,,0.15,0.97,0.82,0.13
GDSU7AL9GRGN,0.69,2026-06-02,USP-S | Alpine Camo (Minimal Wear),9.93,rare,8c0557ca-c353-42ed-9afa-9367c7c6557a,66512290.0,False,8c0557ca-c353-42ed-9afa-9367c7c6557a,2026-06-10,2026-06-09,AVAILABLE,,,0.15,0.97,0.82,0.13
GHU3W7CL9Z4F,1.94,2026-06-03,M4A1-S | Liquidation (Field-Tested),29.05,mythical,b4e3f1c7-f907-407e-8acc-e96bb3b35855,66498769.0,False,b4e3f1c7-f907-407e-8acc-e96bb3b35855,2026-06-06,2026-06-05,AVAILABLE,,,0.15,2.43,2.29,0.13
GX2H7P6T4PHS,0.36,2026-04-21,M4A1-S | Nitro (Field-Tested),25.61,mythical,c4ce2add-ea97-4bde-9246-6e9ac91d93ff,66322146.0,False,c4ce2add-ea97-4bde-9246-6e9ac91d93ff,2026-04-22,,AVAILABLE,,,0.08,0.53,0.4,0.13
GDSE9R82DHZU,0.97,2026-06-11,Desert Eagle | Heat Treated (Well-Worn),42.09,legendary,2316d5dd-d7b2-4721-83cf-96801d417680,66533604.0,False,2316d5dd-d7b2-4721-83cf-96801d417680,2026-06-16,2026-06-15,AVAILABLE,,,0.15,1.29,1.15,0.13
G6C7NP9D02HG,1.16,2026-05-13,Dual Berettas | Polished Malachite (Factory New),6.96,uncommon,1e079989-1118-4aa7-8546-b412f9fe19bf,66412243.0,False,1e079989-1118-4aa7-8546-b412f9fe19bf,2026-05-14,,AVAILABLE,,,0.08,1.39,1.27,0.12
G037RKKNG5AZ,0.66,2026-04-17,M4A4 | Urban DDPAT (Minimal Wear),12.74,uncommon,88603e9e-d068-41c2-b196-eb61a7667c92,66317112.0,False,88603e9e-d068-41c2-b196-eb61a7667c92,2026-04-22,,AVAILABLE,,,0.08,0.85,0.73,0.12
GG0A8F7TWHSK,0.29,2026-06-02,Sticker | OG (Holo) | 2020 RMR,,mythical,,30577698.0,True,0664bd28-db24-43b1-8310-cca7d249cff3,2026-06-10,,AVAILABLE,,,0.15,0.47,0.35,0.11
GXXUDA0S87SK,0.25,2026-05-28,Five-SeveN | Sky Blue (Factory New),6.3,uncommon,0cc73ba6-0c42-4fc6-9f6a-201ea2ca3143,66470447.0,False,0cc73ba6-0c42-4fc6-9f6a-201ea2ca3143,2026-05-29,2026-05-28,AVAILABLE,,,0.15,0.42,0.31,0.11
GPSG8XS97UAU,0.29,2026-06-02,Sticker | OG (Holo) | 2020 RMR,,mythical,,30577698.0,True,7d9cec24-3487-47e3-b34e-6999b9dd98ad,2026-06-10,,AVAILABLE,,,0.15,0.47,0.35,0.11
GU9P58W5L02X,0.29,2026-06-02,Sticker | OG (Holo) | 2020 RMR,,mythical,,30577698.0,True,658123a3-9f50-472e-bc4c-a70b9c5b46ef,2026-06-10,,AVAILABLE,,,0.15,0.47,0.35,0.11
GA2ZLN8XLD4X,0.29,2026-06-02,Sticker | OG (Holo) | 2020 RMR,,mythical,,30577698.0,True,5b63f31b-7074-451c-a6e4-a8744d6bc8e4,2026-06-10,,AVAILABLE,,,0.15,0.47,0.35,0.11
GXTKURLRW3NP,0.2,2026-06-05,SG 553 | Dragon Tech (Field-Tested),20.63,mythical,68877d9c-8b23-4ae1-bcce-0a4d581869db,66498764.0,False,68877d9c-8b23-4ae1-bcce-0a4d581869db,2026-06-06,,AVAILABLE,,,0.15,0.37,0.25,0.11
G5FNSSS7RS39,0.81,2026-06-07,FAMAS | Yeti Camo (Minimal Wear),12.63,rare,ef567a73-cef1-4a90-8c56-e70ba5afbcc4,66530555.0,False,ef567a73-cef1-4a90-8c56-e70ba5afbcc4,2026-06-15,2026-06-14,AVAILABLE,,,0.15,1.07,0.96,0.1
GHGU0TTH7S9C,0.33,2026-06-12,Antwerp 2022 Challengers Sticker Capsule,,common,,39910962.0,True,fd5d2b14-07cc-4a96-af92-555e137feea6,2026-06-13,,AVAILABLE,,,0.15,0.51,0.4,0.1
GNE2CWU0ETUZ,0.33,2026-06-12,Antwerp 2022 Challengers Sticker Capsule,,common,,39910962.0,True,ba77cbca-b0c8-4745-adaa-3debdafcaefa,2026-06-13,,AVAILABLE,,,0.15,0.51,0.4,0.1
GS8HPU37CLDS,0.53,2026-05-16,M4A1-S | Wash me plz (Factory New),5.77,uncommon,607f8263-30dc-4bbb-823a-d063da59a3df,66422805.0,False,607f8263-30dc-4bbb-823a-d063da59a3df,2026-05-17,,AVAILABLE,,,0.08,0.68,0.59,0.1
G9PUG2XRF8DG,0.33,2026-06-12,Antwerp 2022 Challengers Sticker Capsule,,common,,39910962.0,True,d4a99650-29f9-40f2-b6e6-57952a79e09d,2026-06-13,,AVAILABLE,,,0.15,0.51,0.4,0.1
G8NUE056HGNK,1.42,2026-05-20,StatTrak™ M4A1-S | Night Terror (Field-Tested),28.29,mythical,097eecdf-292e-495b-9fe3-015ef4261b87,66439263.0,False,097eecdf-292e-495b-9fe3-015ef4261b87,2026-05-21,,AVAILABLE,,,0.08,1.65,1.55,0.1
GPH942K6U8GS,1.42,2026-05-20,StatTrak™ M4A1-S | Night Terror (Field-Tested),29.83,mythical,967045ed-7eff-4669-b8f4-be71a2e0e926,66439262.0,False,967045ed-7eff-4669-b8f4-be71a2e0e926,2026-05-21,,AVAILABLE,,,0.08,1.65,1.55,0.1
GZE3SP8X5PUP,0.33,2026-06-12,Antwerp 2022 Challengers Sticker Capsule,,common,,39910962.0,True,97dea637-a05a-449f-b417-72c420b47908,2026-06-13,,AVAILABLE,,,0.15,0.51,0.4,0.1
G22LH5A69D3F,0.33,2026-06-12,Antwerp 2022 Challengers Sticker Capsule,,common,,39910962.0,True,56ab0707-942b-459c-b968-f46b5e89d1aa,2026-06-13,,AVAILABLE,,,0.15,0.51,0.4,0.1
G5738SCL97ZN,0.68,2026-04-20,M4A4 | Urban DDPAT (Minimal Wear),14.88,uncommon,383c4d3c-4bd6-4923-b3aa-c790733bc698,66316998.0,False,383c4d3c-4bd6-4923-b3aa-c790733bc698,2026-04-21,,AVAILABLE,,,0.08,0.85,0.75,0.1
GFCL535K63LX,0.33,2026-06-12,Antwerp 2022 Challengers Sticker Capsule,,common,,39910962.0,True,2ff6c76e-9245-4154-8ff5-37ab45dab399,2026-06-13,,AVAILABLE,,,0.15,0.51,0.4,0.1
GCK4PXU7FD7U,1.6,2026-04-19,USP-S | Royal Guard (Field-Tested),34.47,mythical,30418672-03d1-4aa1-9a98-76f79a46db05,66317108.0,False,30418672-03d1-4aa1-9a98-76f79a46db05,2026-04-22,,AVAILABLE,,,0.08,1.84,1.75,0.09
GTP65P4A4TLN,0.77,2026-05-14,AK-47 | Wintergreen (Field-Tested),32.71,rare,37b4c300-c2c9-4de3-adf5-41ee9ff2131c,66416268.0,False,37b4c300-c2c9-4de3-adf5-41ee9ff2131c,2026-05-15,,AVAILABLE,,,0.08,0.91,0.85,0.07
GTZPT7H8WZ5T,0.86,2026-04-06,Skill Groups Capsule,,common,,1701787.0,True,aad7d8c0-72ae-4312-b953-d18773850619,2026-04-22,,AVAILABLE,,,0.08,1.01,0.95,0.07
G0D4AZAAWN2P,0.99,2026-04-15,Desert Eagle | Directive (Field-Tested),37.55,mythical,d9022fbf-cdea-456c-9f06-4326ba0187cf,66317101.0,False,d9022fbf-cdea-456c-9f06-4326ba0187cf,2026-04-22,,AVAILABLE,,,0.08,1.15,1.09,0.07
GN487SR0S775,1.06,2026-04-15,Desert Eagle | Directive (Field-Tested),31.12,mythical,a0008f4d-8bf9-4d33-9e47-d87d702bf24a,66317092.0,False,a0008f4d-8bf9-4d33-9e47-d87d702bf24a,2026-04-22,,AVAILABLE,,,0.08,1.22,1.16,0.06
GL30E4R80F72,1.07,2026-04-15,Desert Eagle | Directive (Field-Tested),28.59,mythical,a2e3a769-1732-4576-9dd3-bb66536a8b1a,66317095.0,False,a2e3a769-1732-4576-9dd3-bb66536a8b1a,2026-04-22,,AVAILABLE,,,0.08,1.23,1.17,0.06
GLALTGNU7XPF,1.05,2026-04-15,Desert Eagle | Directive (Field-Tested),24.12,mythical,6c5d5244-35d1-4043-8ffd-46cabc8011e0,66317110.0,False,6c5d5244-35d1-4043-8ffd-46cabc8011e0,2026-04-22,,AVAILABLE,,,0.08,1.21,1.15,0.06
G2LSGT2LEDTL,1.05,2026-04-15,Desert Eagle | Directive (Field-Tested),27.09,mythical,8a13da77-91f9-4bea-976a-1acea309ed0f,66317100.0,False,8a13da77-91f9-4bea-976a-1acea309ed0f,2026-04-22,,AVAILABLE,,,0.08,1.21,1.15,0.06
G0TP3LG40N9F,1.04,2026-04-15,Desert Eagle | Directive (Field-Tested),28.71,mythical,6d6473f5-2444-4e20-8b9e-46363793f9ee,66317107.0,False,6d6473f5-2444-4e20-8b9e-46363793f9ee,2026-04-22,,AVAILABLE,,,0.08,1.2,1.14,0.06
GUC77E2NXSXE,0.87,2026-03-08,Glock-18 | Umbral Rabbit (Minimal Wear),11.02,mythical,e5471740-f99e-46f8-8062-d3b1a516dd3d,66063176.0,False,e5471740-f99e-46f8-8062-d3b1a516dd3d,2026-03-09,,AVAILABLE,,,0.08,1.01,0.96,0.06
GWNZ4N7KFWXX,0.35,2026-05-18,Five-SeveN | Sky Blue (Factory New),6.2,uncommon,4f46f5a6-6098-4475-8537-958180d036f3,66429566.0,False,4f46f5a6-6098-4475-8537-958180d036f3,2026-05-19,,AVAILABLE,,,0.08,0.42,0.39,0.04
GA5AT6ZUET33,1.18,2026-03-08,StatTrak™ Desert Eagle | Serpent Strike (Field-Tested),24.13,mythical,854738e4-06e9-4bac-b6cd-c5a0163d76a3,66063179.0,False,854738e4-06e9-4bac-b6cd-c5a0163d76a3,2026-03-09,,AVAILABLE,,,0.08,1.31,1.29,0.03
GDS532CU5GTU,0.29,2026-06-02,Sticker | OG (Holo) | 2020 RMR,,mythical,,30577698.0,True,a35c450b-95f8-43bd-9a0b-fd0d5f1dedbf,2026-06-06,,AVAILABLE,,,0.15,0.37,0.35,0.02
G9ZKHG35X2UT,0.29,2026-06-02,Sticker | OG (Holo) | 2020 RMR,,mythical,,30577698.0,True,2334019b-6b44-4ce1-9153-f22b832e96f6,2026-06-06,,AVAILABLE,,,0.15,0.37,0.35,0.02
GEXR7UT89W4F,3.0,2026-01-09,Desert Eagle | Tilted (Factory New),6.81,uncommon,a2a2eb27-575a-4dfa-ac27-0ed896827228,65769029.0,False,a2a2eb27-575a-4dfa-ac27-0ed896827228,2026-01-10,,AVAILABLE,,,0.07,3.24,3.24,0.01
GP3EZ0TNH40F,3.99,2026-01-09,Desert Eagle | Tilted (Factory New),6.06,uncommon,7cf0ffca-677c-4472-a669-8672036ec407,65806700.0,False,7cf0ffca-677c-4472-a669-8672036ec407,2026-01-17,2026-01-16,AVAILABLE,,,0.07,4.3,4.3,0.01
GNF7H7APT0LE,22.0,2026-01-09,AK-47 | Midnight Laminate (Minimal Wear),14.21,mythical,2ae1b9e6-8f4a-4bf0-bd36-a824bb2e6c7e,65769020.0,False,2ae1b9e6-8f4a-4bf0-bd36-a824bb2e6c7e,2026-01-10,,AVAILABLE,,,0.07,23.67,23.67,0.01
GCGWPAXSW385,3.0,2026-01-09,Gamma Case,,common,,230.0,True,df0a1f1e-8442-4014-9831-fedf25110d61,2026-01-10,,AVAILABLE,,,0.07,3.24,3.24,0.01
GLEFX7FP8SAL,3.99,2026-01-09,Desert Eagle | Tilted (Factory New),6.15,uncommon,de7d8354-29fa-4c4f-b96c-38f8358af646,65806698.0,False,de7d8354-29fa-4c4f-b96c-38f8358af646,2026-01-17,2026-01-16,AVAILABLE,,,0.07,4.3,4.3,0.01
G007GK5AA4TX,3.99,2026-01-09,Desert Eagle | Tilted (Factory New),6.95,uncommon,1b768905-3423-485a-8573-413fc189aae6,65806697.0,False,1b768905-3423-485a-8573-413fc189aae6,2026-01-17,2026-01-16,AVAILABLE,,,0.07,4.3,4.3,0.01
GGSF8U9DDFF3,3.0,2026-01-09,Gamma Case,,common,,230.0,True,d8964d6e-60d5-4c06-83d5-9f8ea14bc2a5,2026-01-10,,AVAILABLE,,,0.07,3.24,3.24,0.01
GDTTTWPLLT7X,22.0,2026-01-09,AK-47 | Midnight Laminate (Minimal Wear),14.21,mythical,caf1456a-1805-4abd-b211-72faa7afe68c,65769023.0,False,caf1456a-1805-4abd-b211-72faa7afe68c,2026-01-10,,AVAILABLE,,,0.07,23.67,23.67,0.01
G6C8TCFG7756,3.0,2025-12-22,Anubis Collection Package,,common,,44819636.0,True,6cf065f6-4fcc-4e82-a9c8-36de33cfe321,2025-12-25,,AVAILABLE,,,0.07,3.24,3.24,0.01
GLGETX69G50A,3.0,2026-01-09,Gamma Case,,common,,230.0,True,f0d11c5a-02c3-457b-a2a4-57cea71bdd3f,2026-01-10,,AVAILABLE,,,0.07,3.24,3.24,0.01
GCC3CFX77F0H,3.0,2026-01-09,Gamma Case,,common,,230.0,True,9b27ab7e-a50f-420b-a23b-3d0d057e7e93,2026-01-10,,AVAILABLE,,,0.07,3.24,3.24,0.01
GWZ9FT3ELSGL,3.0,2026-01-09,Gamma Case,,common,,230.0,True,b5936f25-3b82-4729-a5dc-89f8fda615eb,2026-01-10,,AVAILABLE,,,0.07,3.24,3.24,0.01
G9HT9K78D2Z5,3.0,2026-01-09,Gamma Case,,common,,230.0,True,0deea364-4c28-4bb8-92cb-65e678bf3eda,2026-01-10,,AVAILABLE,,,0.07,3.24,3.24,0.01
G590EN3N0K5W,3.99,2026-01-09,Desert Eagle | Tilted (Factory New),6.34,uncommon,65d7e5f6-452c-4bc6-89be-31c102d3422f,65810946.0,False,65d7e5f6-452c-4bc6-89be-31c102d3422f,2026-01-18,2026-01-17,AVAILABLE,,,0.07,4.3,4.3,0.01
G5A7ECH5DTE0,5.88,2026-01-06,AK-47 | Wintergreen (Minimal Wear),9.84,rare,e8ec52e4-bd33-4b6f-86cc-bbf7dece9eca,65749905.0,False,e8ec52e4-bd33-4b6f-86cc-bbf7dece9eca,2026-01-07,,AVAILABLE,,,0.07,6.33,6.33,0.01
G52675DFF5PN,8.2,2026-01-01,AK-47 | Midnight Laminate (Field-Tested),31.49,mythical,2624d4ce-411b-41ef-b3d6-3746695fec4f,65741174.0,False,2624d4ce-411b-41ef-b3d6-3746695fec4f,2026-01-06,,AVAILABLE,,,0.07,8.83,8.83,0.01
G88KPCGGPF0L,5.25,2025-12-30,AK-47 | Wintergreen (Minimal Wear),14.93,rare,f5f97022-f6fb-4619-bb92-fb0e327c8666,65715061.0,False,f5f97022-f6fb-4619-bb92-fb0e327c8666,2025-12-31,,AVAILABLE,,,0.07,5.66,5.66,0.01
GA0FXE5P36D2,3.0,2025-12-22,Anubis Collection Package,,common,,44819636.0,True,4914e7b0-bc61-4dd7-ac0b-b59f3471484c,2025-12-25,,AVAILABLE,,,0.07,3.24,3.24,0.01
GS45PL4GG5G8,7.95,2025-12-22,AK-47 | Midnight Laminate (Field-Tested),33.12,mythical,2483a45a-1292-4e67-90ed-271299fc8107,65684096.0,False,2483a45a-1292-4e67-90ed-271299fc8107,2025-12-25,,AVAILABLE,,,0.07,8.56,8.56,0.01
GRG7WR58EXAS,3.0,2025-12-22,Anubis Collection Package,,common,,44819636.0,True,8caa91c1-4f00-4e3b-b3d4-a0149f81365b,2025-12-25,,AVAILABLE,,,0.07,3.24,3.24,0.01
GWT03N3U65XR,3.99,2026-01-09,Desert Eagle | Tilted (Factory New),6.8,uncommon,6996958f-7b98-4473-9973-bb16213a267a,65806693.0,False,6996958f-7b98-4473-9973-bb16213a267a,2026-01-17,2026-01-16,AVAILABLE,,,0.07,4.3,4.3,0.01
GNDLRHW303C4,3.0,2025-12-22,Anubis Collection Package,,common,,44819636.0,True,ec6e97da-04b6-4325-87eb-f636dac99b3b,2025-12-25,,AVAILABLE,,,0.07,3.24,3.24,0.01
G07XN5PA75EW,3.0,2025-12-22,Anubis Collection Package,,common,,44819636.0,True,e61749a7-f930-4288-84ec-092a4c8f9b86,2025-12-25,,AVAILABLE,,,0.07,3.24,3.24,0.01
GAK3FT2645R7,3.0,2025-12-22,Anubis Collection Package,,common,,44819636.0,True,54a09388-9e40-40cd-9058-38c290eb28fc,2025-12-25,,AVAILABLE,,,0.07,3.24,3.24,0.01
GW2S30S2XTGF,3.99,2026-01-09,Desert Eagle | Tilted (Factory New),6.42,uncommon,dba390ba-b389-403e-8d1a-351a1360ebd2,65806695.0,False,dba390ba-b389-403e-8d1a-351a1360ebd2,2026-01-17,2026-01-16,AVAILABLE,,,0.07,4.3,4.3,0.01
GLCAC433T6RR,3.99,2026-01-09,Desert Eagle | Tilted (Factory New),6.21,uncommon,6e44c5b4-60d9-48b3-9b97-d414ed831c81,65806699.0,False,6e44c5b4-60d9-48b3-9b97-d414ed831c81,2026-01-17,2026-01-16,AVAILABLE,,,0.07,4.3,4.3,0.01
GGEDASZ48XW4,22.0,2026-01-09,AK-47 | Midnight Laminate (Minimal Wear),14.55,mythical,48570a75-419b-4d02-9422-1688402c565b,65769022.0,False,48570a75-419b-4d02-9422-1688402c565b,2026-01-10,,AVAILABLE,,,0.07,23.67,23.67,0.01
GAF59APN2KHH,0.9,2026-03-17,Sticker | High Heat,,rare,,55414367.0,True,3cb9f42a-b08b-4e79-8187-adb8539ef76e,2026-04-22,,AVAILABLE,,,0.08,0.99,0.99,0.01
GHS5FXAGS76G,19.99,2026-02-19,AWP | Green Energy (Field-Tested),33.15,legendary,1d8cb569-f3ce-4866-81d4-bc05baa4ec3d,65997589.0,False,1d8cb569-f3ce-4866-81d4-bc05baa4ec3d,2026-02-20,,AVAILABLE,,,0.07,21.51,21.51,0.01
G64T75T3K032,0.43,2026-02-24,Sticker | Boom Trail (Glitter),,mythical,,55436346.0,True,bb09fb53-7055-48e5-a571-608281042d74,2026-02-28,,AVAILABLE,,,0.08,0.48,0.48,0.01
GC6A4PZDP7ZX,0.34,2026-02-25,Sticker | Boom Trail (Glitter),,mythical,,55436346.0,True,51791458-3c79-4038-9c06-4c0a64ce9cf8,2026-02-28,,AVAILABLE,,,0.08,0.38,0.38,0.01
GW746NH5ZGH5,0.34,2026-02-25,Sticker | Boom Trail (Glitter),,mythical,,55436346.0,True,1efb149e-2ec8-4a7f-bae2-cad4cb7aff83,2026-02-28,,AVAILABLE,,,0.08,0.38,0.38,0.01
G4K5ZPF7RX68,0.34,2026-02-25,Sticker | Boom Trail (Glitter),,mythical,,55436346.0,True,401038fd-34ae-4e4c-92b3-96c732b4465c,2026-02-28,,AVAILABLE,,,0.08,0.38,0.38,0.01
GH7UG30R3UCE,0.34,2026-02-25,Sticker | Boom Trail (Glitter),,mythical,,55436346.0,True,9c1479ba-5a0e-4cc2-95f5-6c347152adfe,2026-02-28,,AVAILABLE,,,0.08,0.38,0.38,0.01
G8SUFP9NWCZ7,0.34,2026-02-25,Sticker | Boom Trail (Glitter),,mythical,,55436346.0,True,14a6e8c0-0821-436e-bd51-862ab86d4ebf,2026-02-28,,AVAILABLE,,,0.08,0.38,0.38,0.01
G34HDZFZEDHE,0.34,2026-02-25,Sticker | Boom Trail (Glitter),,mythical,,55436346.0,True,b65d5efb-e220-4169-8000-cb774cb7e3af,2026-02-28,,AVAILABLE,,,0.08,0.38,0.38,0.01
GRHDSN6XHCWE,0.88,2026-03-18,USP-S | Tropical Breeze (Field-Tested),23.48,rare,983e9bb2-8314-46e7-947e-ac444572c2d4,66317093.0,False,983e9bb2-8314-46e7-947e-ac444572c2d4,2026-04-22,,AVAILABLE,,,0.08,0.97,0.97,0.01
G7NWF90GPDW8,4.23,2026-03-18,Desert Eagle | Heat Treated (Minimal Wear),14.9,legendary,adfb2b2c-be37-47b8-b503-8a351725e8f9,66317086.0,False,adfb2b2c-be37-47b8-b503-8a351725e8f9,2026-04-22,,AVAILABLE,,,0.08,4.61,4.61,0.01
GXFG6RF3XXDK,5.63,2026-03-17,Desert Eagle | Mulberry (Field-Tested),30.55,mythical,14d95226-8c4a-44bb-ae58-14f3fc9280c0,66317079.0,False,14d95226-8c4a-44bb-ae58-14f3fc9280c0,2026-04-22,,AVAILABLE,,,0.08,6.13,6.13,0.01
GXGT5X4WC9EC,0.91,2026-03-16,Sticker | High Heat,,rare,,55414367.0,True,58aab73f-412d-4bac-9ab9-27a697d02d5e,2026-04-22,,AVAILABLE,,,0.08,1.0,1.0,0.01
G4GPSU8FUD9Z,20.24,2026-02-19,AWP | Green Energy (Field-Tested),33.72,legendary,012b8bb4-b416-44e7-a0a4-168f2109e6d3,65996808.0,False,012b8bb4-b416-44e7-a0a4-168f2109e6d3,2026-02-20,2026-02-26,AVAILABLE,,,0.07,21.77,21.77,0.01
GHTX9U9EEFT6,3.57,2026-03-09,AK-47 | Wintergreen (Minimal Wear),10.53,rare,aba1d350-cb31-4f85-af1c-7b5336b5e906,66072918.0,False,aba1d350-cb31-4f85-af1c-7b5336b5e906,2026-03-12,,AVAILABLE,,,0.08,3.89,3.89,0.01
G3C4THHC6S53,1.5,2026-03-09,StatTrak™ M4A1-S | Emphorosaur-S (Field-Tested),33.79,mythical,da23e82b-91e8-4512-b45f-40ac99dbcc8a,66072919.0,False,da23e82b-91e8-4512-b45f-40ac99dbcc8a,2026-03-12,,AVAILABLE,,,0.08,1.64,1.64,0.01
GPNECEG3WC34,1.58,2026-03-08,StatTrak™ M4A1-S | Emphorosaur-S (Field-Tested),32.02,mythical,3f827e32-9d28-4bf1-9726-13ce1d16bcee,66063178.0,False,3f827e32-9d28-4bf1-9726-13ce1d16bcee,2026-03-09,,AVAILABLE,,,0.08,1.73,1.73,0.01
GT8X0950LWCS,1.05,2026-03-08,USP-S | Tropical Breeze (Field-Tested),22.88,rare,cb89da69-026a-4151-9259-1ecdb8e0f923,66063175.0,False,cb89da69-026a-4151-9259-1ecdb8e0f923,2026-03-09,,AVAILABLE,,,0.08,1.15,1.15,0.01
GPXN4LRGTKX7,320.0,2026-01-10,SSG 08 | Dragonfire (Minimal Wear),13.64,ancient,1164099a-69be-4e99-ab3a-c648569d15ee,65781076.0,False,1164099a-69be-4e99-ab3a-c648569d15ee,2026-01-12,,AVAILABLE,,,0.07,344.1,344.1,0.01
GWSPNZK04N4N,4.41,2026-03-04,Desert Eagle | Heat Treated (Minimal Wear),12.1,legendary,b4a8a220-1a12-4989-a744-ced8c477a169,66046906.0,False,b4a8a220-1a12-4989-a744-ced8c477a169,2026-03-05,,AVAILABLE,,,0.08,4.8,4.8,0.01
GRUSEZ0EFX8G,0.89,2026-02-28,USP-S | Tropical Breeze (Field-Tested),36.61,rare,67c053ae-d3c3-4c76-94c1-81bb8da617c5,66031272.0,False,67c053ae-d3c3-4c76-94c1-81bb8da617c5,2026-03-01,,AVAILABLE,,,0.08,0.98,0.98,0.01
GPS32HL56344,0.71,2026-02-27,M4A4 | Naval Shred Camo (Factory New),5.05,uncommon,b2c19f70-baa4-48a5-9051-d92ee408a7e1,66026800.0,False,b2c19f70-baa4-48a5-9051-d92ee408a7e1,2026-02-28,,AVAILABLE,,,0.08,0.78,0.78,0.01
G4W2WGP70D9S,0.34,2026-02-25,Sticker | Boom Trail (Glitter),,mythical,,55436346.0,True,e6077070-0a8b-41fa-9aae-9db40c254505,2026-02-28,,AVAILABLE,,,0.08,0.38,0.38,0.01
G4LC2F32X6FS,0.34,2026-02-25,Sticker | Boom Trail (Glitter),,mythical,,55436346.0,True,ff76bad8-c4cb-4b42-92c9-8cdd9aa87b1e,2026-02-28,,AVAILABLE,,,0.08,0.38,0.38,0.01
GNXRHPK93X2A,0.34,2026-02-25,Sticker | Boom Trail (Glitter),,mythical,,55436346.0,True,f9d89d95-f104-414b-b24a-5ca448c3c01a,2026-02-28,,AVAILABLE,,,0.08,0.38,0.38,0.01
GA2ZET2WAXKZ,0.57,2026-02-19,Desert Eagle | Tilted (Minimal Wear),8.63,uncommon,28a4038e-876c-484c-b1a0-49ab35c75538,65996814.0,False,28a4038e-876c-484c-b1a0-49ab35c75538,2026-02-20,,AVAILABLE,,,0.07,0.62,0.62,0.01
GPG7SPGG87AK,49.28,2026-02-19,AK-47 | Inheritance (Field-Tested),34.87,ancient,8ced9705-5918-4c8f-b0ac-4e188eae3bb6,65996819.0,False,8ced9705-5918-4c8f-b0ac-4e188eae3bb6,2026-02-20,,AVAILABLE,,,0.07,53.0,53.0,0.01
GP7U7TZLX3NF,19.99,2026-02-19,AWP | Green Energy (Field-Tested),33.03,legendary,ebb39cd4-dd2c-463f-bfa4-a41ddf153033,65996807.0,False,ebb39cd4-dd2c-463f-bfa4-a41ddf153033,2026-02-20,2026-02-26,AVAILABLE,,,0.07,21.51,21.51,0.01
GK548WD0LXTE,23.03,2026-02-02,AK-47 | Nouveau Rouge (Field-Tested),36.55,legendary,75a476e7-191d-4f36-a7a7-afca508c9193,65996907.0,False,75a476e7-191d-4f36-a7a7-afca508c9193,2026-02-20,,AVAILABLE,,,0.07,24.77,24.77,0.01
GGDK78C0E6ZF,2.99,2026-01-11,Stockholm 2021 Challengers Sticker Capsule,,common,,36643777.0,True,2ec2620b-fc2a-41ab-9dc4-badc9bf06bff,2026-01-12,,AVAILABLE,,,0.07,3.23,3.23,0.01
GSSCRWTAFHGD,2.99,2026-01-12,Gamma 2 Case,,common,,726.0,True,33496893-7242-483c-8d22-566b42ce19f9,2026-01-13,,AVAILABLE,,,0.07,3.23,3.23,0.01
GEP332RNS5A3,2.99,2026-01-12,Gamma 2 Case,,common,,726.0,True,829dd905-491a-4afb-8858-ccb1c80bd29f,2026-01-13,,AVAILABLE,,,0.07,3.23,3.23,0.01
GSKG9UX3UNTL,2.99,2026-01-12,Gamma 2 Case,,common,,726.0,True,55a8a2cd-ef95-4a82-b922-fb984ec23f6f,2026-01-13,,AVAILABLE,,,0.07,3.23,3.23,0.01
GD848SX0RDFE,300.0,2026-01-12,SSG 08 | Dragonfire (Minimal Wear),13.01,ancient,668ead8f-a819-415f-88aa-f8bedc43a4fa,65788271.0,False,668ead8f-a819-415f-88aa-f8bedc43a4fa,2026-01-13,,AVAILABLE,,,0.07,322.59,322.59,0.01
GSSTNW854DK5,0.42,2026-01-28,M4A1-S | Nitro (Field-Tested),29.56,mythical,77698976-cc3f-4e36-aded-2e360672ed73,65996885.0,False,77698976-cc3f-4e36-aded-2e360672ed73,2026-02-20,,AVAILABLE,,,0.07,0.46,0.46,0.01
GAXC4HNRAPEG,390.0,2026-01-28,M4A1-S | Fade (Factory New),2.23,ancient,f2c02185-05ed-4e11-9c5b-f7fa6865668a,65996875.0,False,f2c02185-05ed-4e11-9c5b-f7fa6865668a,2026-02-20,,AVAILABLE,,,0.07,419.37,419.37,0.01
GRNDA5DZTLGR,0.42,2026-01-30,M4A1-S | Nitro (Field-Tested),35.9,mythical,35ae1967-c487-4e7b-ad4f-237b8a98e02e,65996895.0,False,35ae1967-c487-4e7b-ad4f-237b8a98e02e,2026-02-20,,AVAILABLE,,,0.07,0.46,0.46,0.01
GF77FAKW4AWL,2.99,2026-01-11,Stockholm 2021 Challengers Sticker Capsule,,common,,36643777.0,True,e1e5c120-413c-4ff8-89d4-2f047658efec,2026-01-12,,AVAILABLE,,,0.07,3.23,3.23,0.01
G3FLF6N709F2,20.99,2026-01-30,AK-47 | Midnight Laminate (Minimal Wear),13.86,mythical,6165ee5a-dcc8-4c6b-ac17-cd66eb6b6db3,65996892.0,False,6165ee5a-dcc8-4c6b-ac17-cd66eb6b6db3,2026-02-20,,AVAILABLE,,,0.07,22.58,22.58,0.01
GFGUTGFD35H5,10.5,2026-02-08,'Two Times' McCoy | USAF TACP,,legendary_character,1aa32ddc-f57f-4cb2-b151-0ffef0356204,65996909.0,False,1aa32ddc-f57f-4cb2-b151-0ffef0356204,2026-02-20,,AVAILABLE,,,0.07,11.3,11.3,0.01
G9SLZLXD5HDX,2.99,2026-01-11,Stockholm 2021 Challengers Sticker Capsule,,common,,36643777.0,True,1348d89b-8375-4928-98be-fe2cdb70ee5b,2026-01-12,,AVAILABLE,,,0.07,3.23,3.23,0.01
GU7AHCZD947N,2.99,2026-02-08,Sticker | Bolt Strike (Foil),,legendary,,55478586.0,True,20d55686-f8c9-49c9-80b5-71d84dc31a4f,2026-02-20,,AVAILABLE,,,0.07,3.23,3.23,0.01
GUN03KUA8HPF,10.0,2026-02-09,'Two Times' McCoy | USAF TACP,,legendary_character,55a4e84b-cdff-4ed0-a9e9-0d3414cbf62d,65996916.0,False,55a4e84b-cdff-4ed0-a9e9-0d3414cbf62d,2026-02-20,,AVAILABLE,,,0.07,10.76,10.76,0.01
G6SXD7A6LF5X,9.99,2026-02-09,'Two Times' McCoy | USAF TACP,,legendary_character,40838217-cc1b-43d0-92b2-e7d33e881e35,65996919.0,False,40838217-cc1b-43d0-92b2-e7d33e881e35,2026-02-20,,AVAILABLE,,,0.07,10.75,10.75,0.01
GETHXGXE9NGC,0.3,2026-02-15,Tec-9 | Red Quartz (Minimal Wear),14.81,mythical,289a3611-6cda-4881-9629-6b86929051b1,65988753.0,False,289a3611-6cda-4881-9629-6b86929051b1,2026-02-19,,AVAILABLE,,,0.07,0.33,0.33,0.01
GF30DC9C6ASR,0.33,2026-02-15,Tec-9 | Red Quartz (Minimal Wear),12.34,mythical,d3ba837e-0be5-4fee-a941-6c5aa5e914b1,65988752.0,False,d3ba837e-0be5-4fee-a941-6c5aa5e914b1,2026-02-19,,AVAILABLE,,,0.07,0.37,0.37,0.01
GLDK2ADSGFC5,49.28,2026-02-19,AK-47 | Inheritance (Field-Tested),37.12,ancient,82370a1a-6919-4808-a386-2f0a85aeb96c,65996799.0,False,82370a1a-6919-4808-a386-2f0a85aeb96c,2026-02-20,,AVAILABLE,,,0.07,53.0,53.0,0.01
G2WFW65CF96C,19.99,2026-02-19,AWP | Green Energy (Field-Tested),27.58,legendary,86fdf58c-4e89-4572-9795-991e39f2a74a,65996803.0,False,86fdf58c-4e89-4572-9795-991e39f2a74a,2026-02-20,2026-02-26,AVAILABLE,,,0.07,21.51,21.51,0.01
GSFHN3EUD4N9,19.99,2026-02-19,AWP | Green Energy (Field-Tested),30.57,legendary,110ce044-4bf1-410b-8e22-d5f9a2804a71,65996804.0,False,110ce044-4bf1-410b-8e22-d5f9a2804a71,2026-02-20,2026-02-26,AVAILABLE,,,0.07,21.51,21.51,0.01
GLP28WW5E96T,19.99,2026-02-19,AWP | Green Energy (Field-Tested),25.75,legendary,aa29d27a-1ed4-4c14-9afd-f735fd558ea7,65996805.0,False,aa29d27a-1ed4-4c14-9afd-f735fd558ea7,2026-02-20,2026-02-26,AVAILABLE,,,0.07,21.51,21.51,0.01
GAR97A4PCCST,19.99,2026-02-19,AWP | Green Energy (Field-Tested),33.68,legendary,cdcc21a7-b96e-4b28-8a27-483b5a0eddf0,65996806.0,False,cdcc21a7-b96e-4b28-8a27-483b5a0eddf0,2026-02-20,2026-02-26,AVAILABLE,,,0.07,21.51,21.51,0.01
GXH86ED3FENE,2.99,2026-01-11,Stockholm 2021 Challengers Sticker Capsule,,common,,36643777.0,True,5193880a-3550-4f37-97a7-828e96a8727a,2026-01-12,,AVAILABLE,,,0.07,3.23,3.23,0.01
GFLL6W2TAK76,0.23,2025-11-19,MP5-SD | Neon Squeezer (Field-Tested),32.58,uncommon,409850c3-0dda-4816-a506-2cd4ebb796a2,65459697.0,False,409850c3-0dda-4816-a506-2cd4ebb796a2,2025-11-20,,AVAILABLE,,,0.07,0.22,0.26,-0.03
GEU9E6SNL03R,0.25,2025-10-31,SSG 08 | Halftone Whorl (Field-Tested),20.67,uncommon,1011a82d-28da-4f1c-801f-87dea8d1611e,65590015.0,False,1011a82d-28da-4f1c-801f-87dea8d1611e,2025-12-08,,AVAILABLE,,,0.07,0.2,0.28,-0.06
GCDGP864K8GW,0.23,2025-10-19,Sticker | Shifty Tactics,,rare,,41603634.0,True,ff65e9e2-b97a-4e44-810b-994dcf278e04,2025-12-08,,AVAILABLE,,,0.07,0.18,0.26,-0.06
G2CX72K25T25,0.23,2025-10-19,Sticker | Shifty Tactics,,rare,,41603634.0,True,a947cefe-142c-4ea0-af88-88a4a2d38e0e,2025-12-08,,AVAILABLE,,,0.07,0.18,0.26,-0.06
G6W0GD578SKK,0.25,2025-10-22,Sticker | Shifty Tactics,,rare,,41603634.0,True,e75328ad-0c22-4880-9cd2-bbbcdf5c1a51,2025-12-08,,AVAILABLE,,,0.07,0.19,0.28,-0.07
G5SKWC83GWZZ,0.47,2025-11-05,M4A1-S | VariCamo (Field-Tested),17.16,rare,64796e70-316d-47c4-83b0-c7481ac43d0e,65590076.0,False,64796e70-316d-47c4-83b0-c7481ac43d0e,2025-12-08,,AVAILABLE,,,0.07,0.4,0.52,-0.1
G37D05X40959,0.47,2025-11-05,M4A1-S | VariCamo (Field-Tested),23.42,rare,735ff688-a76b-4239-a798-163ec15de68e,65590053.0,False,735ff688-a76b-4239-a798-163ec15de68e,2025-12-08,,AVAILABLE,,,0.07,0.4,0.52,-0.1
GU82TC3AWRW8,0.47,2025-11-05,M4A1-S | VariCamo (Field-Tested),21.41,rare,d5255bf0-ab62-476f-9729-b77d1e9cc035,65590092.0,False,d5255bf0-ab62-476f-9729-b77d1e9cc035,2025-12-08,,AVAILABLE,,,0.07,0.4,0.52,-0.1
GUT8GZHP0N56,0.53,2025-11-05,PP-Bizon | Brass (Field-Tested),16.12,rare,769a54a8-f6bf-4453-bc98-2118879fedb0,65590087.0,False,769a54a8-f6bf-4453-bc98-2118879fedb0,2025-12-08,,AVAILABLE,,,0.07,0.44,0.58,-0.12
GHH4DHXES9WS,0.53,2025-11-05,PP-Bizon | Brass (Field-Tested),29.53,rare,7285c139-afa3-4bb1-942f-322115c729b3,65590090.0,False,7285c139-afa3-4bb1-942f-322115c729b3,2025-12-08,,AVAILABLE,,,0.07,0.44,0.58,-0.12
G2PF3ACKG7TL,0.55,2025-11-07,PP-Bizon | Brass (Field-Tested),33.39,rare,1e4a4abc-6dac-452e-a6e3-aa876cb087b3,65590114.0,False,1e4a4abc-6dac-452e-a6e3-aa876cb087b3,2025-12-08,,AVAILABLE,,,0.07,0.46,0.6,-0.12
GK6SAG7UHZTZ,3.5,2025-12-08,Operation Hydra Case Key,,common,,140927.0,True,da4de76a-3d73-482c-9fe5-22731d1f7cf3,2025-12-09,,AVAILABLE,,,0.07,3.62,3.77,-0.13
GWTU8PXF2NDG,3.5,2025-12-08,Operation Hydra Case Key,,common,,140927.0,True,8c24e9f0-812e-4545-9208-8b392dd6ab88,2025-12-09,,AVAILABLE,,,0.07,3.62,3.77,-0.13
GSHDUU9L0X3E,3.5,2025-12-08,Operation Hydra Case Key,,common,,140927.0,True,25c5be0b-8e7b-470d-a212-f17cbc1737f6,2026-02-20,,AVAILABLE,,,0.07,3.62,3.77,-0.13
GKDWE3ZCSDR6,0.46,2025-09-25,Sticker | 100 Thieves (Foil) | 2020 RMR,,legendary,,30582870.0,True,6eaef4e9-684b-460c-885d-240f2add4c9c,2025-12-09,,AVAILABLE,,,0.07,0.27,0.51,-0.21
G9SWU7EFZ9WZ,3.5,2025-12-04,Operation Hydra Case Key,,common,,140927.0,True,64f61b50-256b-48f3-b851-019e94af52a1,2025-12-05,,AVAILABLE,,,0.07,3.47,3.77,-0.27
GCXTN4PRCA6D,0.81,2025-10-02,Sticker | TYLOO (Holo) | 2020 RMR,,mythical,,30582903.0,True,c9f8fb78-335c-4b44-bc3f-b2e12a56d67d,2025-10-03,,AVAILABLE,,,0.07,0.49,0.88,-0.35
GFFGP0TCFRFF,0.81,2025-10-02,Sticker | TYLOO (Holo) | 2020 RMR,,mythical,,30582903.0,True,15b14914-3c4e-4254-8099-92be32171ebb,2025-10-03,,AVAILABLE,,,0.07,0.49,0.88,-0.35
GHLRC3WSK62P,0.81,2025-09-21,Sticker | Evil Geniuses (Holo) | 2020 RMR,,mythical,,30582872.0,True,3fe577ba-57ca-49db-8bbe-356779262a17,2025-09-23,,AVAILABLE,,,0.07,0.46,0.88,-0.38
GC4TD2D65FU6,0.78,2025-09-19,Sticker | Evil Geniuses (Holo) | 2020 RMR,,mythical,,30582872.0,True,b01d272a-2e3f-403a-920f-37e5f2edcd58,2025-09-23,,AVAILABLE,,,0.07,0.41,0.85,-0.4
GCTD4T725N82,0.96,2025-09-30,Sticker | Into The Breach (Holo) | Paris 2023,,legendary,,44988570.0,True,3350a0a4-756d-414e-a0f1-c3882a468b40,2025-10-02,,AVAILABLE,,,0.07,0.58,1.04,-0.42
GC7ADC946ZNT,0.96,2025-09-30,Sticker | Into The Breach (Holo) | Paris 2023,,legendary,,44988570.0,True,4d5170cd-686a-4847-b6a1-00cbb901b9ae,2025-10-02,,AVAILABLE,,,0.07,0.58,1.04,-0.42
GZTSK70UC9UZ,0.96,2025-09-30,Sticker | Into The Breach (Holo) | Paris 2023,,legendary,,44988570.0,True,593ba02b-29fd-4e41-b499-c0aaccfab8d5,2025-10-02,,AVAILABLE,,,0.07,0.58,1.04,-0.42
GXTT4PFLDK7F,0.93,2025-09-23,Sticker | Evil Geniuses (Holo) | 2020 RMR,,mythical,,30582872.0,True,06489021-d451-4773-9002-96fa7a46a929,2025-09-24,,AVAILABLE,,,0.07,0.53,1.01,-0.44
G70350NCW02K,2.11,2025-11-06,P250 | Supernova (Minimal Wear),8.32,mythical,35e28bbe-bc61-4916-849a-ba7c1dd76126,65590108.0,False,35e28bbe-bc61-4916-849a-ba7c1dd76126,2025-12-08,,AVAILABLE,,,0.07,1.73,2.28,-0.5
GERDKKWNDPDN,1.06,2025-09-23,Sticker | Evil Geniuses (Holo) | 2020 RMR,,mythical,,30582872.0,True,a5b11b78-41f0-457a-abf4-d7f9106c7778,2025-09-24,,AVAILABLE,,,0.07,0.6,1.15,-0.5
GL03RAEH053N,1.06,2025-09-23,Sticker | Evil Geniuses (Holo) | 2020 RMR,,mythical,,30582872.0,True,3bb7daa9-e151-4c15-9bc8-b8eea2eafbe1,2025-09-24,,AVAILABLE,,,0.07,0.6,1.15,-0.5
GWXF4XEUCU54,2.12,2025-11-06,P250 | Supernova (Minimal Wear),9.83,mythical,4a30e10f-13fa-48b0-9a77-4ab5eed64f50,65590096.0,False,4a30e10f-13fa-48b0-9a77-4ab5eed64f50,2025-12-08,,AVAILABLE,,,0.07,1.74,2.29,-0.5
GC5NLGEFNHCS,1.06,2025-09-23,Sticker | Evil Geniuses (Holo) | 2020 RMR,,mythical,,30582872.0,True,3ec4480d-c498-4822-9e7c-a7ab720f7df7,2025-09-24,,AVAILABLE,,,0.07,0.6,1.15,-0.5
GSZWET5WWR3S,1.06,2025-09-23,Sticker | Evil Geniuses (Holo) | 2020 RMR,,mythical,,30582872.0,True,214df95e-e9b2-4899-9088-ffeba32c2029,2025-09-24,,AVAILABLE,,,0.07,0.6,1.15,-0.5
GASRNKD3CTGK,2.13,2025-11-05,P250 | Supernova (Minimal Wear),13.17,mythical,8556e5b0-4618-45e2-aa37-218bc1c5649b,65590052.0,False,8556e5b0-4618-45e2-aa37-218bc1c5649b,2025-12-08,,AVAILABLE,,,0.07,1.75,2.3,-0.5
G3KUTCERX7FC,1.06,2025-09-23,Sticker | Evil Geniuses (Holo) | 2020 RMR,,mythical,,30582872.0,True,5c99f1a1-6b71-4164-84c2-28acccb89482,2025-09-24,,AVAILABLE,,,0.07,0.6,1.15,-0.5
G8XA0N7XT29F,1.95,2025-10-19,Sticker | Hypnoteyes (Holo),,mythical,,55478585.0,True,01fc2b0d-c069-484c-88eb-afa2d2688ce2,2025-12-08,,AVAILABLE,,,0.07,1.43,2.11,-0.62
GAUH0WGNEFZX,2.89,2025-09-26,Sticker | PGL (Holo) | Stockholm 2021,,mythical,,36659662.0,True,c7c490a1-e38e-4dc8-b9b3-d4e6e5f82953,2025-09-27,,AVAILABLE,,,0.07,1.62,3.12,-1.38
G9HE3D3SEKZX,2.89,2025-09-26,Sticker | PGL (Holo) | Stockholm 2021,,mythical,,36659662.0,True,334f8e6e-65cc-4ddf-a2e3-632101c0298b,2025-09-27,,AVAILABLE,,,0.07,1.62,3.12,-1.38
G8Z9E3CRU98Z,9.4,2025-10-17,Sticker | Stone Scales (Foil),,legendary,,29020227.0,True,53c0e4f6-0e76-497c-b2c5-a32dbeb58f9e,2025-12-08,,AVAILABLE,,,0.07,6.59,10.12,-3.27
GDGEX6CZ2G0F,9.57,2025-10-17,Sticker | Stone Scales (Foil),,legendary,,29020227.0,True,7f80663f-8e2e-4b94-8dc2-df266f004e46,2025-12-08,,AVAILABLE,,,0.07,6.59,10.3,-3.44
GZ8GZ5SFKENT,9.57,2025-10-17,Sticker | Stone Scales (Foil),,legendary,,29020227.0,True,ad80ba5e-3ac4-436d-b2b7-64a630e5524f,2025-12-08,,AVAILABLE,,,0.07,6.59,10.3,-3.44
GAE4EDRTEL3W,9.57,2025-10-17,Sticker | Stone Scales (Foil),,legendary,,29020227.0,True,63f85462-870c-4288-945b-8b7d90442b09,2025-12-08,,AVAILABLE,,,0.07,6.48,10.3,-3.54
GSK42XPGZ2SL,8.48,2025-09-25,Sticker | Gambit Gaming (Holo) | Stockholm 2021,,mythical,,36659665.0,True,104a2c8b-83db-45a0-9729-99023de85f50,2025-09-26,,AVAILABLE,,,0.07,4.75,9.13,-4.06
GWHAPKNCZ4GS,9.63,2025-09-26,Sticker | Gambit Gaming (Holo) | Stockholm 2021,,mythical,,36659665.0,True,ee514d20-b229-426d-b2e5-0b04164244a2,2025-09-27,,AVAILABLE,,,0.07,5.39,10.37,-4.62
GS3XT8G92FZ7,12.5,2025-09-25,Sticker | Gambit Gaming (Holo) | Stockholm 2021,,mythical,,36659665.0,True,473a9ed9-9225-4647-be75-16d72fbccfd7,2025-09-26,,AVAILABLE,,,0.07,6.99,13.45,-6.0
GWZTGDWENSEU,12.5,2025-09-25,Sticker | Gambit Gaming (Holo) | Stockholm 2021,,mythical,,36659665.0,True,e5b34a07-48b1-470d-acda-9885f66aab07,2025-09-26,,AVAILABLE,,,0.07,6.99,13.45,-6.0
GSP4GTX2DA8L,150.0,2025-12-12,M4A1-S | Mecha Industries (Minimal Wear),11.93,ancient,62e199e9-2b5a-43d0-8486-a81c9e86eab3,65684082.0,False,62e199e9-2b5a-43d0-8486-a81c9e86eab3,2025-12-25,,AVAILABLE,,,0.07,101.18,161.3,-55.9
