name,avg_time_to_sell,sales_frequency,avg_profit,total_profit,efficiency
StatTrak™ M4A1-S | Night Terror (Factory New),6.38,37,1.63,60.31,1.0
StatTrak™ USP-S | Ticket to Hell (Minimal Wear),6.94,54,0.63,34.02,0.10312
Desert Eagle | Tilted (Minimal Wear),10.6,113,0.26,29.38,0.09301
AK-47 | Inheritance (Field-Tested),20.94,16,5.07,81.12,0.07674
StatTrak™ USP-S | Ticket to Hell (Factory New),12.35,34,1.26,42.84,0.04108
CS:GO Weapon Case,14.0,8,9.74,77.92,0.03528
MP7 | Fade (Factory New),11.63,27,1.6,43.2,0.03055
3rd Commando Company | KSK,5.96,27,1.14,30.78,0.02146
Operation Hydra Case,52.88,32,2.12,67.84,0.01994
Glove Case,20.59,56,0.66,36.96,0.01935
MP9 | Buff Blue (Factory New),6.28,46,0.54,24.84,0.01924
M4A1-S | Black Lotus (Minimal Wear),4.83,30,0.86,25.8,0.01677
Operator | FBI SWAT,8.22,23,1.48,34.04,0.01367
StatTrak™ M4A1-S | Night Terror (Minimal Wear),9.1,42,0.63,26.46,0.01063
AWP | Atheris (Factory New),10.69,16,2.38,38.08,0.00702
Ground Rebel  | Elite Crew,7.0,20,1.45,29.0,0.00658
Number K | The Professionals,7.88,8,5.35,42.8,0.00586
AWP | Atheris (Minimal Wear),3.11,18,1.14,20.52,0.00488
StatTrak™ MP7 | Bloodsport (Field-Tested),5.11,9,3.61,32.49,0.00453
M4A1-S | Black Lotus (Field-Tested),4.68,19,1.12,21.28,0.00302
AWP | Printstream (Field-Tested),11.73,11,3.46,38.06,0.00296
USP-S | Check Engine (Factory New),21.09,53,0.46,24.38,0.00237
M4A4 | Desolate Space (Field-Tested),4.73,11,2.12,23.32,0.00173
Glock-18 | Nuclear Garden (Minimal Wear),8.2,20,1.09,21.8,0.00143
USP-S | Blueprint (Minimal Wear),21.24,17,1.96,33.32,0.00132
USP-S | Tropical Breeze (Factory New),11.0,18,1.34,24.12,0.00116
★ Moto Gloves | 3rd Commando Company (Field-Tested),4.25,4,7.51,30.04,0.00115
Sticker | Gold Web (Foil),11.28,25,0.84,21.0,0.00109
FAMAS | Mecha Industries (Minimal Wear),11.89,9,3.51,31.59,0.00101
Sticker | Bolt Charge,26.53,49,0.43,21.07,0.00087
eSports 2013 Winter Case,24.47,19,1.54,29.26,0.00082
AWP | Chrome Cannon (Field-Tested),9.44,9,2.94,26.46,0.00078
AWP | Green Energy (Field-Tested),12.86,7,4.68,32.76,0.00076
Sticker | Vitality (Holo) | Paris 2023,25.91,43,0.48,20.64,0.00073
Sticker | Loving Eyes (Holo),13.92,13,1.97,25.61,0.0007
Desert Eagle | Tilted (Factory New),36.59,44,0.51,22.44,0.00065
Galil AR | Eco (Field-Tested),4.85,13,1.2,15.6,0.00059
Bloody Darryl The Strapped | The Professionals,8.5,6,4.32,25.92,0.00056
M4A4 | Desolate Space (Minimal Wear),7.0,7,3.21,22.47,0.00056
USP-S | Ticket to Hell (Factory New),22.95,43,0.41,17.63,0.00056
StatTrak™ Glock-18 | Umbral Rabbit (Minimal Wear),7.7,20,0.77,15.4,0.00056
"Music Kit | The Verkkars, EZ4ENCE",9.48,27,0.55,14.85,0.00056
M4A1-S | Wash me plz (Factory New),43.95,44,0.5,22.0,0.00053
AK-47 | Nightwish (Minimal Wear),9.6,10,2.16,21.6,0.00053
StatTrak™ Glock-18 | Umbral Rabbit (Factory New),6.08,12,1.38,16.56,0.00052
AK-47 | Asiimov (Minimal Wear),8.83,6,4.16,24.96,0.00051
AK-47 | Midnight Laminate (Minimal Wear),9.73,11,1.85,20.35,0.00051
USP-S | Alpine Camo (Minimal Wear),11.61,33,0.43,14.19,0.00051
AK-47 | Crossfade (Factory New),30.13,23,1.02,23.46,0.0005
StatTrak™ M4A1-S | Emphorosaur-S (Minimal Wear),18.27,22,0.85,18.7,0.00047
"Music Kit | Knock2, dashstar*",18.57,14,1.59,22.26,0.00046
Sticker | Winding Scorch (Foil),27.27,26,0.75,19.5,0.00044
MP9 | Starlight Protector (Minimal Wear),6.47,15,0.91,13.65,0.00044
USP-S | Jawbreaker (Field-Tested),4.05,21,0.47,9.87,0.00044
Safecracker Voltzmann | The Professionals,9.5,10,1.86,18.6,0.00043
Michael Syfers  | FBI Sniper,13.62,16,1.1,17.6,0.00043
M4A4 | Evil Daimyo (Factory New),34.0,15,1.72,25.8,0.00042
D Squadron Officer | NZSAS,1.0,1,18.48,18.48,0.00042
Glock-18 | Shinobu (Minimal Wear),7.0,13,1.09,14.17,0.00042
AK-47 | Legion of Anubis (Minimal Wear),6.14,14,0.95,13.3,0.00042
Easy Peasy Pin,6.69,16,0.81,12.96,0.00042
Sticker | Battle Scarred (Holo),7.5,10,1.59,15.9,0.00041
AWP | Chrome Cannon (Minimal Wear),5.25,4,4.86,19.44,0.0004
MP9 | Starlight Protector (Field-Tested),21.7,27,0.59,15.93,0.0004
AWP | Black Nile (Factory New),8.15,13,1.11,14.43,0.0004
Sticker | Boom Trail (Glitter),25.22,46,0.3,13.8,0.0004
Five-SeveN | Sky Blue (Factory New),5.68,19,0.56,10.64,0.0004
Five-SeveN | Urban Hazard (Factory New),6.79,19,0.57,10.83,0.00039
Glock-18 | Ocean Topo (Factory New),23.62,34,0.4,13.6,0.00038
Special Agent Ava | FBI,2.8,5,2.53,12.65,0.00038
USP-S | Cortex (Minimal Wear),6.33,15,0.76,11.4,0.00038
AWP | Black Nile (Field-Tested),6.24,21,0.46,9.66,0.00038
Sir Bloody Miami Darryl | The Professionals,16.67,3,9.6,28.8,0.00037
FAMAS | ZX Spectron (Minimal Wear),44.93,15,1.58,23.7,0.00037
eSports 2014 Summer Case,41.24,17,1.25,21.25,0.00037
M4A4 | Converter (Factory New),64.68,40,0.45,18.0,0.00037
SSG 08 | Acid Fade (Factory New),38.78,36,0.42,15.12,0.00037
Desert Eagle | Serpent Strike (Factory New),16.81,27,0.47,12.69,0.00037
StatTrak™ M4A1-S | Emphorosaur-S (Field-Tested),17.28,36,0.3,10.8,0.00037
AK-47 | The Empress (Minimal Wear),18.75,4,6.68,26.72,0.00036
AK-47 | Redline (Field-Tested),55.47,17,1.33,22.61,0.00036
Charm | Die-cast AK,58.53,17,1.31,22.27,0.00036
SSG 08 | Dragonfire (Minimal Wear),18.71,7,3.0,21.0,0.00036
Desert Eagle | Printstream (Minimal Wear),3.5,4,3.19,12.76,0.00036
AK-47 | Head Shot (Field-Tested),10.0,12,1.04,12.48,0.00036
StatTrak™ M4A1-S | Night Terror (Field-Tested),26.4,35,0.35,12.25,0.00036
Glock-18 | Nuclear Garden (Field-Tested),16.46,26,0.45,11.7,0.00036
Sticker | Bolt Strike,26.48,48,0.23,11.04,0.00036
Glock-18 | Shinobu (Field-Tested),9.29,21,0.45,9.45,0.00036
Charm | Big Kev,12.56,32,0.29,9.28,0.00036
Sticker | Hydro Wave,13.75,40,0.22,8.8,0.00036
Chroma 3 Case,5.42,19,0.44,8.36,0.00036
Name Tag,9.72,40,0.2,8.0,0.00036
Sticker | Ninjas in Pyjamas (Holo) | Stockholm 2021,37.56,9,2.3,20.7,0.00035
P250 | Visions (Factory New),28.7,10,1.84,18.4,0.00035
Sir Bloody Silent Darryl | The Professionals,22.0,7,2.6,18.2,0.00035
Gift Package,68.65,31,0.55,17.05,0.00035
M4A1-S | Golden Coil (Field-Tested),10.25,4,4.04,16.16,0.00035
AWP | Duality (Minimal Wear),35.87,23,0.65,14.95,0.00035
StatTrak™ Desert Eagle | Printstream (Field-Tested),8.5,4,3.7,14.8,0.00035
Galil AR | Tuxedo (Factory New),41.09,23,0.63,14.49,0.00035
MAC-10 | Neon Rider (Minimal Wear),13.08,13,0.96,12.48,0.00035
StatTrak™ Glock-18 | Moonrise (Minimal Wear),20.27,11,1.13,12.43,0.00035
Winter Offensive Weapon Case,9.91,11,1.12,12.32,0.00035
M4A1-S | Mud-Spec (Factory New),33.21,24,0.47,11.28,0.00035
M4A1-S | Nitro (Minimal Wear),25.54,37,0.28,10.36,0.00035
Sticker | High Heat,33.76,49,0.21,10.29,0.00035
Glock-18 | Candy Apple (Factory New),29.03,38,0.27,10.26,0.00035
AK-47 | Ice Coaled (Factory New),7.88,8,1.27,10.16,0.00035
"Music Kit | bbno$, u mad!",12.87,23,0.44,10.12,0.00035
USP-S | Alpine Camo (Factory New),13.08,24,0.42,10.08,0.00035
Zeus x27 | Electric Blue (Factory New),25.52,25,0.4,10.0,0.00035
Sticker | Flex,25.81,31,0.32,9.92,0.00035
Sticker | Lotus (Glitter),10.36,11,0.87,9.57,0.00035
AK-47 | Frontside Misty (Field-Tested),5.86,7,1.32,9.24,0.00035
Maximus | Sabre,2.8,5,1.82,9.1,0.00035
AK-47 | Ice Coaled (Field-Tested),5.14,14,0.6,8.4,0.00035
StatTrak™ Desert Eagle | Blue Ply (Minimal Wear),10.59,22,0.37,8.14,0.00035
Dreams & Nightmares Case,22.63,46,0.17,7.82,0.00035
Operation Wildfire Case,5.5,12,0.64,7.68,0.00035
M4A1-S | Emphorosaur-S (Minimal Wear),13.39,31,0.24,7.44,0.00035
Galil AR | Chromatic Aberration (Field-Tested),5.92,13,0.57,7.41,0.00035
AK-47 | Searing Rage (Minimal Wear),2.5,6,1.2,7.2,0.00035
AK-47 | Slate (Minimal Wear),4.92,13,0.54,7.02,0.00035
Operation Phoenix Weapon Case,3.95,19,0.3,5.7,0.00035
USP-S | Ticket to Hell (Minimal Wear),5.66,32,0.16,5.12,0.00035
Austin 2025 Legends Autograph Capsule,4.48,33,0.15,4.95,0.00035
Spectrum 2 Case,1.29,14,0.31,4.34,0.00035
AK-47 | Inheritance (Minimal Wear),59.57,7,3.11,21.77,0.00034
M4A1-S | Solitude (Minimal Wear),81.2,15,1.09,16.35,0.00034
SSG 08 | Turbo Peek (Minimal Wear),31.22,9,1.71,15.39,0.00034
★ Driver Gloves | Black Tie (Field-Tested),24.5,2,7.42,14.84,0.00034
Glock-18 | Nuclear Garden (Factory New),21.22,9,1.41,12.69,0.00034
AWP | Asiimov (Field-Tested),31.0,2,6.22,12.44,0.00034
AK-47 | Head Shot (Minimal Wear),18.0,7,1.76,12.32,0.00034
USP-S | Guardian (Factory New),16.33,3,4.05,12.15,0.00034
Operation Riptide Case,59.72,18,0.66,11.88,0.00034
StatTrak™ USP-S | Black Lotus (Minimal Wear),13.5,8,1.47,11.76,0.00034
Sticker | Team Liquid (Holo) | Stockholm 2021,67.95,20,0.58,11.6,0.00034
★ Shadow Daggers | Doppler (Factory New),9.0,1,11.3,11.3,0.00034
Desert Eagle | Mulberry (Minimal Wear),15.56,9,1.23,11.07,0.00034
AK-47 | Wintergreen (Minimal Wear),35.83,24,0.46,11.04,0.00034
M4A4 | Temukau (Field-Tested),12.71,7,1.56,10.92,0.00034
M4A4 | Temukau (Minimal Wear),5.67,3,3.6,10.8,0.00034
M4A1-S | Vaporwave (Field-Tested),8.5,2,5.24,10.48,0.00034
Glock-18 | Vogue (Factory New),30.21,14,0.73,10.22,0.00034
AWP | Hyper Beast (Minimal Wear),13.0,2,5.09,10.18,0.00034
Desert Eagle | Printstream (Field-Tested),7.25,4,2.53,10.12,0.00034
AWP | Acheron (Factory New),38.6,15,0.67,10.05,0.00034
USP-S | Cortex (Field-Tested),29.85,26,0.37,9.62,0.00034
M4A1-S | Nightmare (Minimal Wear),5.5,4,2.34,9.36,0.00034
★ Huntsman Knife | Marble Fade (Factory New),6.0,1,9.2,9.2,0.00034
MP7 | Cirrus (Factory New),15.22,9,1.02,9.18,0.00034
M4A1-S | Player Two (Minimal Wear),17.0,2,4.44,8.88,0.00034
Sticker | Scorch Loop,65.25,55,0.16,8.8,0.00034
USP-S | Cyrex (Factory New),15.9,10,0.88,8.8,0.00034
AK-47 | The Outsiders (Field-Tested),10.85,13,0.66,8.58,0.00034
Charm | That's Bananas,73.43,14,0.61,8.54,0.00034
AK-47 | Asiimov (Field-Tested),4.25,4,2.12,8.48,0.00034
AK-47 | Crossfade (Minimal Wear),12.3,10,0.84,8.4,0.00034
"Music Kit | Denzel Curry, ULTIMATE",14.27,11,0.76,8.36,0.00034
Welcome to the Clutch Pin,9.43,14,0.59,8.26,0.00034
AK-47 | Legion of Anubis (Field-Tested),15.2,10,0.82,8.2,0.00034
AK-47 | Searing Rage (Field-Tested),20.24,21,0.39,8.19,0.00034
Desert Eagle | Sputnik (Factory New),12.8,10,0.81,8.1,0.00034
Sticker | Bolt Charge (Foil),32.15,27,0.3,8.1,0.00034
R8 Revolver | Blaze (Factory New),36.54,26,0.31,8.06,0.00034
Desert Eagle | Trigger Discipline (Factory New),13.9,10,0.8,8.0,0.00034
Galil AR | Green Apple (Factory New),11.38,16,0.5,8.0,0.00034
Elite Trapper Solman | Guerrilla Warfare,26.67,3,2.62,7.86,0.00034
AWP | Printstream (Well-Worn),6.2,5,1.57,7.85,0.00034
M4A4 | 龍王 (Dragon King) (Minimal Wear),5.25,4,1.93,7.72,0.00034
FAMAS | Pulse (Factory New),12.33,3,2.57,7.71,0.00034
Sticker | Hypnoteyes (Holo),13.18,11,0.69,7.59,0.00034
Guardian 3 Pin,8.71,14,0.54,7.56,0.00034
USP-S | Silent Shot (Minimal Wear),5.4,5,1.51,7.55,0.00034
FAMAS | ZX Spectron (Field-Tested),29.58,12,0.62,7.44,0.00034
M4A4 | Neo-Noir (Field-Tested),7.71,7,1.06,7.42,0.00034
USP-S | PC-GRN (Factory New),22.05,20,0.37,7.4,0.00034
Dual Berettas | Polished Malachite (Factory New),16.92,12,0.61,7.32,0.00034
Sticker Capsule 2,51.4,10,0.73,7.3,0.00034
AWP | Green Energy (Minimal Wear),21.0,2,3.63,7.26,0.00034
M4A4 | Spider Lily (Field-Tested),5.0,3,2.41,7.23,0.00034
AK-47 | Midnight Laminate (Field-Tested),40.33,15,0.48,7.2,0.00034
Operation Breakout Weapon Case,43.0,15,0.48,7.2,0.00034
Sir Bloody Loudmouth Darryl | The Professionals,6.0,2,3.6,7.2,0.00034
StatTrak™ Desert Eagle | Trigger Discipline (Minimal Wear),37.0,10,0.72,7.2,0.00034
Sir Bloody Darryl Royale | The Professionals,22.0,3,2.39,7.17,0.00034
Tec-9 | Re-Entry (Factory New),32.0,11,0.65,7.15,0.00034
AK-47 | Nouveau Rouge (Field-Tested),12.4,5,1.42,7.1,0.00034
StatTrak™ AK-47 | Searing Rage (Field-Tested),5.0,5,1.4,7.0,0.00034
M4A4 | Choppa (Factory New),13.54,13,0.53,6.89,0.00034
Sticker | Blue Gem (Glitter),7.69,13,0.53,6.89,0.00034
Lt. Commander Ricksaw | NSWC SEAL,29.12,8,0.86,6.88,0.00034
M4A4 | The Emperor (Minimal Wear),3.0,3,2.28,6.84,0.00034
P250 | See Ya Later (Field-Tested),23.95,19,0.36,6.84,0.00034
Seal Team 6 Soldier | NSWC SEAL,6.5,6,1.13,6.78,0.00034
Desert Eagle | Heat Treated (Battle-Scarred),75.81,26,0.26,6.76,0.00034
"Music Kit | TWERL and Ekko & Sidetrack, Under Bright Lights",8.75,4,1.69,6.76,0.00034
R8 Revolver | Amber Fade (Factory New),17.27,11,0.61,6.71,0.00034
StatTrak™ MP7 | Bloodsport (Minimal Wear),8.5,4,1.64,6.56,0.00034
Chef d'Escadron Rouchard | Gendarmerie Nationale,16.5,2,3.26,6.52,0.00034
StatTrak™ Glock-18 | Moonrise (Factory New),27.43,7,0.93,6.51,0.00034
Sticker | Rainbow Route (Holo),20.58,31,0.21,6.51,0.00034
'Blueberries' Buckshot | NSWC SEAL,11.6,5,1.3,6.5,0.00034
Glock-18 | Shinobu (Factory New),3.0,1,6.45,6.45,0.00034
USP-S | Tropical Breeze (Minimal Wear),5.47,15,0.43,6.45,0.00034
AK-47 | Wintergreen (Factory New),21.5,4,1.58,6.32,0.00034
AWP | Duality (Factory New),48.25,4,1.58,6.32,0.00034
MP7 | Bloodsport (Field-Tested),8.87,15,0.42,6.3,0.00034
AWP | Printstream (Minimal Wear),11.5,2,3.12,6.24,0.00034
SSG 08 | Calligrafaux (Minimal Wear),12.0,13,0.48,6.24,0.00034
SSG 08 | Zeno (Minimal Wear),9.88,16,0.39,6.24,0.00034
Tec-9 | Fuel Injector (Minimal Wear),3.33,3,2.08,6.24,0.00034
Charm | Hot Sauce,13.89,27,0.23,6.21,0.00034
P250 | Franklin (Factory New),29.6,5,1.24,6.2,0.00034
AWP | Atheris (Well-Worn),7.5,8,0.77,6.16,0.00034
Wildfire Pin,15.57,7,0.88,6.16,0.00034
M4A1-S | Electrum (Field-Tested),5.5,4,1.53,6.12,0.00034
P250 | See Ya Later (Minimal Wear),6.0,1,6.08,6.08,0.00034
AK-47 | Ice Coaled (Minimal Wear),7.75,8,0.75,6.0,0.00034
Desert Eagle | Light Rail (Factory New),37.6,5,1.19,5.95,0.00034
AK-47 | Legion of Anubis (Factory New),24.0,3,1.97,5.91,0.00034
M4A1-S | Basilisk (Field-Tested),7.33,3,1.97,5.91,0.00034
CS:GO Weapon Case 2,77.8,10,0.59,5.9,0.00034
M4A1-S | Black Lotus (Factory New),11.67,3,1.96,5.88,0.00034
Five-SeveN | Boost Protocol (Factory New),22.0,3,1.95,5.85,0.00034
Sticker | Evil Geniuses (Holo) | 2020 RMR,25.4,45,0.13,5.85,0.00034
Zeus x27 | Olympus (Field-Tested),17.38,13,0.45,5.85,0.00034
Desert Eagle | Conspiracy (Minimal Wear),25.75,4,1.45,5.8,0.00034
AWP | Printstream (Battle-Scarred),58.0,1,5.7,5.7,0.00034
Sticker | Ouchie (Foil),42.5,6,0.95,5.7,0.00034
AK-47 | Wintergreen (Field-Tested),57.19,27,0.21,5.67,0.00034
MAC-10 | Pipsqueak (Minimal Wear),17.62,21,0.27,5.67,0.00034
Galil AR | Chromatic Aberration (Minimal Wear),4.29,7,0.8,5.6,0.00034
Galil AR | Stone Cold (Field-Tested),9.6,10,0.56,5.6,0.00034
Inferno 2 Pin,7.3,10,0.56,5.6,0.00034
MAC-10 | Disco Tech (Minimal Wear),9.0,5,1.12,5.6,0.00034
AK-47 | Crossfade (Field-Tested),8.6,15,0.37,5.55,0.00034
Sticker | Fluxo (Holo) | Paris 2023,71.17,23,0.24,5.52,0.00034
Canals Pin,9.3,10,0.55,5.5,0.00034
AK-47 | Neon Rider (Field-Tested),13.0,3,1.82,5.46,0.00034
Tec-9 | Red Quartz (Factory New),8.47,17,0.32,5.44,0.00034
Glock-18 | Umbral Rabbit (Factory New),26.65,20,0.27,5.4,0.00034
USP-S | Tropical Breeze (Field-Tested),20.1,20,0.27,5.4,0.00034
Sous-Lieutenant Medic | Gendarmerie Nationale,5.75,4,1.34,5.36,0.00034
1st Lieutenant Farlow | SWAT,12.43,7,0.76,5.32,0.00034
StatTrak™ Glock-18 | Vogue (Field-Tested),7.25,4,1.33,5.32,0.00034
AWP | Neo-Noir (Minimal Wear),8.0,2,2.64,5.28,0.00034
MP9 | Food Chain (Field-Tested),4.17,12,0.44,5.28,0.00034
USP-S | Cortex (Factory New),38.33,12,0.44,5.28,0.00034
AK-47 | Nightwish (Field-Tested),31.6,5,1.01,5.05,0.00034
M4A4 | Buzz Kill (Minimal Wear),7.25,4,1.26,5.04,0.00034
Tec-9 | Ice Cap (Factory New),22.0,14,0.36,5.04,0.00034
Charm | Chicken Lil',21.73,11,0.45,4.95,0.00034
AWP | Worm God (Factory New),8.75,4,1.23,4.92,0.00034
StatTrak™ M4A1-S | Emphorosaur-S (Factory New),25.14,7,0.69,4.83,0.00034
M4A1-S | Emphorosaur-S (Factory New),46.12,17,0.28,4.76,0.00034
AWP | Black Nile (Minimal Wear),6.12,8,0.59,4.72,0.00034
Shanghai 2024 Legends Sticker Capsule,16.68,59,0.08,4.72,0.00034
AK-47 | Slate (Factory New),7.5,2,2.34,4.68,0.00034
StatTrak™ M4A1-S | Black Lotus (Minimal Wear),18.0,2,2.34,4.68,0.00034
USP-S | Jawbreaker (Minimal Wear),3.83,6,0.78,4.68,0.00034
StatTrak™ USP-S | The Traitor (Field-Tested),22.0,1,4.66,4.66,0.00034
P250 | Asiimov (Field-Tested),18.75,8,0.58,4.64,0.00034
Charm | Disco MAC,18.22,9,0.51,4.59,0.00034
Arno The Overgrown | Guerrilla Warfare,26.67,6,0.76,4.56,0.00034
Shadow Case,19.96,24,0.19,4.56,0.00034
M4A4 | 龍王 (Dragon King) (Factory New),93.0,1,4.52,4.52,0.00034
StatTrak™ Glock-18 | Moonrise (Field-Tested),11.0,9,0.5,4.5,0.00034
Trapper | Guerrilla Warfare,16.0,1,4.47,4.47,0.00034
Cmdr. Mae 'Dead Cold' Jamison | SWAT,26.67,3,1.48,4.44,0.00034
P90 | Asiimov (Field-Tested),5.67,3,1.47,4.41,0.00034
Sticker | MOUZ (Holo) | Paris 2023,105.73,22,0.2,4.4,0.00034
AWP | Wildfire (Minimal Wear),6.0,1,4.37,4.37,0.00034
'The Doctor' Romanov | Sabre,6.25,4,1.09,4.36,0.00034
Desert Eagle | Heat Treated (Minimal Wear),38.94,48,0.09,4.32,0.00034
Slingshot | Phoenix,4.0,2,2.16,4.32,0.00034
Sticker | Apeks (Glitter) | Copenhagen 2024,50.0,12,0.36,4.32,0.00034
Osiris | Elite Crew,12.4,5,0.86,4.3,0.00034
AK-47 | Midnight Laminate (Factory New),20.0,1,4.29,4.29,0.00034
Glock-18 | Moonrise (Minimal Wear),11.64,11,0.39,4.29,0.00034
Glock-18 | Water Elemental (Field-Tested),3.78,9,0.47,4.23,0.00034
Glock-18 | Bullet Queen (Minimal Wear),4.67,3,1.4,4.2,0.00034
"Music Kit | Knock2, Make U SWEAT!",64.43,7,0.6,4.2,0.00034
AWP | Acheron (Minimal Wear),5.32,22,0.19,4.18,0.00034
AK-47 | Frontside Misty (Minimal Wear),7.0,1,4.17,4.17,0.00034
Sticker | GO,40.67,9,0.46,4.14,0.00034
FAMAS | Bad Trip (Field-Tested),8.5,4,1.03,4.12,0.00034
Desert Eagle | Mulberry (Field-Tested),33.2,10,0.41,4.1,0.00034
Desert Eagle | Crimson Web (Field-Tested),20.67,3,1.36,4.08,0.00034
MP9 | Food Chain (Minimal Wear),17.75,4,1.02,4.08,0.00034
AWP | Pit Viper (Minimal Wear),8.55,11,0.37,4.07,0.00034
M4A1-S | Decimator (Factory New),1.0,1,4.02,4.02,0.00034
M4A1-S | Liquidation (Minimal Wear),10.0,5,0.8,4.0,0.00034
Sticker | Boom Blast (Glitter),41.56,25,0.16,4.0,0.00034
USP-S | Black Lotus (Minimal Wear),14.7,10,0.4,4.0,0.00034
AK-47 | Blue Laminate (Factory New),9.0,1,3.99,3.99,0.00034
MAC-10 | Pipsqueak (Factory New),3.0,2,1.98,3.96,0.00034
Vypa Sista of the Revolution | Guerrilla Warfare,9.0,1,3.95,3.95,0.00034
AWP | Atheris (Field-Tested),3.62,8,0.49,3.92,0.00034
Sticker | Natus Vincere (Holo) | Paris 2023,49.43,28,0.14,3.92,0.00034
StatTrak™ USP-S | Ticket to Hell (Field-Tested),11.0,23,0.17,3.91,0.00034
UMP-45 | K.O. Factory (Field-Tested),56.6,15,0.26,3.9,0.00034
AK-47 | Slate (Well-Worn),7.44,9,0.43,3.87,0.00034
SSG 08 | Turbo Peek (Field-Tested),7.0,3,1.29,3.87,0.00034
AK-47 | Phantom Disruptor (Field-Tested),9.0,5,0.77,3.85,0.00034
Aspirant | Gendarmerie Nationale,21.57,7,0.55,3.85,0.00034
Dual Berettas | Cobalt Quartz (Factory New),18.0,10,0.38,3.8,0.00034
Glock-18 | Shinobu (Well-Worn),36.29,14,0.27,3.78,0.00034
Officer Jacques Beltram | Gendarmerie Nationale,4.5,2,1.86,3.72,0.00034
Chroma Case,6.0,7,0.53,3.71,0.00034
M4A4 | Neo-Noir (Minimal Wear),3.33,3,1.23,3.69,0.00034
Soldier | Phoenix,11.75,4,0.92,3.68,0.00034
Desert Eagle | Mulberry (Factory New),1.0,1,3.67,3.67,0.00034
Cmdr. Frank 'Wet Sox' Baroud | SEAL Frogman,3.0,1,3.63,3.63,0.00034
AK-47 | Olive Polycam (Factory New),17.42,19,0.19,3.61,0.00034
Desert Eagle | Meteorite (Factory New),33.89,18,0.2,3.6,0.00034
M4A4 | Buzz Kill (Field-Tested),14.0,1,3.6,3.6,0.00034
The Elite Mr. Muhlik | Elite Crew,1.5,2,1.76,3.52,0.00034
AWP | Mortis (Factory New),8.67,3,1.17,3.51,0.00034
Phoenix Pin,19.83,6,0.58,3.48,0.00034
StatTrak™ Glock-18 | Shinobu (Field-Tested),4.67,3,1.16,3.48,0.00034
StatTrak™ Desert Eagle | Serpent Strike (Minimal Wear),7.4,5,0.69,3.45,0.00034
Sticker | The MongolZ (Holo) | Paris 2023,66.6,15,0.23,3.45,0.00034
USP-S | Printstream (Minimal Wear),24.0,1,3.45,3.45,0.00034
Glock-18 | Gold Toof (Field-Tested),4.0,2,1.72,3.44,0.00034
AK-47 | Aphrodite (Minimal Wear),8.0,1,3.43,3.43,0.00034
Gallery Case,50.31,49,0.07,3.43,0.00034
Five-SeveN | Urban Hazard (Minimal Wear),10.2,5,0.68,3.4,0.00034
Rezan the Redshirt | Sabre,7.6,5,0.68,3.4,0.00034
"Music Kit | The Verkkars & n0thing, Flashbang Dance",12.8,5,0.67,3.35,0.00034
Galil AR | Signal (Factory New),26.78,9,0.37,3.33,0.00034
Glock-18 | Block-18 (Factory New),26.67,6,0.55,3.3,0.00034
Sticker | Fnatic (Holo) | Paris 2023,80.86,22,0.15,3.3,0.00034
FAMAS | Rapid Eye Movement (Minimal Wear),40.0,4,0.82,3.28,0.00034
Glock-18 | Moonrise (Factory New),41.62,8,0.41,3.28,0.00034
M4A4 | Desolate Space (Well-Worn),6.5,2,1.64,3.28,0.00034
Sticker | Vitality (Holo) | Stockholm 2021,8.57,7,0.46,3.22,0.00034
Primeiro Tenente | Brazilian 1st Battalion,5.0,1,3.18,3.18,0.00034
AWP | Chromatic Aberration (Field-Tested),5.67,3,1.05,3.15,0.00034
FAMAS | Commemoration (Minimal Wear),4.0,1,3.12,3.12,0.00034
USP-S | Blueprint (Field-Tested),40.67,3,1.03,3.09,0.00034
Hydra Pin,30.67,3,1.02,3.06,0.00034
MP9 | Mount Fuji (Minimal Wear),4.0,2,1.53,3.06,0.00034
M4A4 | Evil Daimyo (Minimal Wear),9.4,5,0.61,3.05,0.00034
AWP | Crakow! (Field-Tested),3.0,1,3.04,3.04,0.00034
AWP | Duality (Field-Tested),28.94,16,0.19,3.04,0.00034
AWP | Mortis (Field-Tested),42.3,20,0.15,3.0,0.00034
USP-S | Check Engine (Minimal Wear),7.47,15,0.2,3.0,0.00034
Chem-Haz Capitaine | Gendarmerie Nationale,9.0,1,2.99,2.99,0.00034
AK-47 | Bloodsport (Field-Tested),3.0,1,2.94,2.94,0.00034
AK-47 | Phantom Disruptor (Minimal Wear),3.67,6,0.49,2.94,0.00034
Charm | Glamour Shot,22.24,21,0.14,2.94,0.00034
Sticker | Broken Fang (Holo),5.43,7,0.42,2.94,0.00034
MP7 | Bloodsport (Factory New),15.0,1,2.92,2.92,0.00034
AWP | Neo-Noir (Factory New),13.0,1,2.91,2.91,0.00034
AWP | Chromatic Aberration (Minimal Wear),17.0,1,2.9,2.9,0.00034
Antwerp 2022 Contenders Autograph Capsule,6.29,17,0.17,2.89,0.00034
Anubis Collection Package,52.06,17,0.17,2.89,0.00034
Sticker | Bolt Energy (Foil),26.67,9,0.32,2.88,0.00034
Charm | Whittle Knife,50.9,41,0.07,2.87,0.00034
M4A1-S | Nitro (Factory New),4.0,1,2.86,2.86,0.00034
SG 553 | Ol' Rusty (Factory New),68.68,22,0.13,2.86,0.00034
AWP | Exothermic (Minimal Wear),20.0,1,2.84,2.84,0.00034
M4A4 | 龍王 (Dragon King) (Field-Tested),9.0,3,0.94,2.82,0.00034
Glock-18 | AXIA (Field-Tested),3.0,1,2.8,2.8,0.00034
MP9 | Mount Fuji (Field-Tested),12.67,3,0.93,2.79,0.00034
StatTrak™ AK-47 | Legion of Anubis (Field-Tested),36.0,1,2.78,2.78,0.00034
Glock-18 | Water Elemental (Minimal Wear),16.33,3,0.92,2.76,0.00034
SSG 08 | Abyss (Factory New),11.67,3,0.91,2.73,0.00034
Glock-18 | Wasteland Rebel (Factory New),6.5,2,1.35,2.7,0.00034
Charm | Lil' SAS,6.21,19,0.14,2.66,0.00034
Chroma 2 Case,22.57,14,0.19,2.66,0.00034
Bio-Haz Specialist | SWAT,4.67,3,0.88,2.64,0.00034
Copenhagen 2024 Challengers Sticker Capsule,13.5,24,0.11,2.64,0.00034
CS:GO Weapon Case 3,45.0,4,0.65,2.6,0.00034
USP-S | Neo-Noir (Minimal Wear),22.0,1,2.6,2.6,0.00034
Blackwolf | Sabre,43.67,6,0.42,2.52,0.00034
M4A4 | Tooth Fairy (Minimal Wear),9.14,7,0.36,2.52,0.00034
Sticker | Boom Detonation (Glitter),78.33,21,0.12,2.52,0.00034
Sticker | s1mple (Holo) | Stockholm 2021,79.33,12,0.21,2.52,0.00034
Street Soldier | Phoenix,35.79,14,0.18,2.52,0.00034
Tec-9 | Fuel Injector (Field-Tested),5.25,4,0.63,2.52,0.00034
Tec-9 | Isaac (Minimal Wear),6.33,3,0.84,2.52,0.00034
Zeus x27 | Tosai (Minimal Wear),8.7,10,0.25,2.5,0.00034
Death Sentence Pin,7.75,4,0.62,2.48,0.00034
Operation Vanguard Weapon Case,19.0,6,0.41,2.46,0.00034
Sticker | Eternal Fire (Glitter) | Copenhagen 2024,7.57,7,0.35,2.45,0.00034
FAMAS | Rapid Eye Movement (Field-Tested),48.0,10,0.24,2.4,0.00034
Glock-18 | Umbral Rabbit (Minimal Wear),22.62,8,0.3,2.4,0.00034
M4A1-S | Nitro (Field-Tested),27.25,12,0.2,2.4,0.00034
M4A4 | Turbine (Minimal Wear),51.75,4,0.6,2.4,0.00034
Sticker | Boom Trail,99.95,20,0.12,2.4,0.00034
Sticker | Surf's Up,45.67,6,0.4,2.4,0.00034
Sticker | Incineration (Holo),7.5,2,1.19,2.38,0.00034
StatTrak™ AK-47 | Ice Coaled (Field-Tested),8.5,2,1.18,2.36,0.00034
Desert Eagle | Printstream (Battle-Scarred),1.0,1,2.34,2.34,0.00034
MP9 | Goo (Minimal Wear),25.67,6,0.39,2.34,0.00034
P250 | Franklin (Field-Tested),23.15,13,0.18,2.34,0.00034
P250 | Franklin (Minimal Wear),34.44,9,0.26,2.34,0.00034
Desert Eagle | Conspiracy (Factory New),22.0,2,1.16,2.32,0.00034
StatTrak™ AWP | Atheris (Field-Tested),10.0,2,1.15,2.3,0.00034
Sticker | Coiled Strike (Holo),82.8,10,0.23,2.3,0.00034
Sticker | m0NESY (Glitter) | Copenhagen 2024,40.6,5,0.46,2.3,0.00034
Sticker | Bolt Strike (Foil),40.63,19,0.12,2.28,0.00034
AWP | Ice Coaled (Minimal Wear),14.0,1,2.27,2.27,0.00034
AWP | Asiimov (Battle-Scarred),19.8,5,0.45,2.25,0.00034
Sticker | Infinite Triangle (Holo),34.67,3,0.75,2.25,0.00034
Buckshot | NSWC SEAL,7.25,4,0.56,2.24,0.00034
Sticker | Battle Scarred,7.33,6,0.37,2.22,0.00034
USP-S | The Traitor (Field-Tested),4.67,3,0.74,2.22,0.00034
Desert Eagle | Trigger Discipline (Minimal Wear),9.1,10,0.22,2.2,0.00034
FAMAS | Commemoration (Factory New),7.5,2,1.1,2.2,0.00034
Gamma 2 Case,13.9,10,0.22,2.2,0.00034
AK-47 | Neon Revolution (Field-Tested),3.0,1,2.17,2.17,0.00034
M4A4 | In Living Color (Minimal Wear),7.0,1,2.17,2.17,0.00034
Shanghai 2024 Legends Autograph Capsule,18.89,27,0.08,2.16,0.00034
Little Kev | The Professionals,10.0,2,1.06,2.12,0.00034
M4A4 | Magnesium (Factory New),57.6,5,0.42,2.1,0.00034
Sticker | ECSTATIC (Glitter) | Copenhagen 2024,35.53,15,0.14,2.1,0.00034
Sticker | Cloud9 (Glitter) | Copenhagen 2024,84.0,19,0.11,2.09,0.00034
AWP | Exothermic (Field-Tested),5.0,2,1.04,2.08,0.00034
SSG 08 | Calligrafaux (Factory New),6.0,2,1.02,2.04,0.00034
Sticker | Imperial Esports (Glitter) | Copenhagen 2024,16.17,6,0.34,2.04,0.00034
Sticker | Zeusception (Holo),89.0,4,0.51,2.04,0.00034
MAC-10 | Pipsqueak (Field-Tested),12.8,10,0.2,2.0,0.00034
StatTrak™ AK-47 | Elite Build (Minimal Wear),1.5,2,1.0,2.0,0.00034
AWP | Neo-Noir (Field-Tested),1.0,1,1.97,1.97,0.00034
USP-S | Printstream (Field-Tested),5.0,1,1.97,1.97,0.00034
Operation Broken Fang Case,43.0,14,0.14,1.96,0.00034
Clutch Case,14.13,15,0.13,1.95,0.00034
M4A1-S | Decimator (Field-Tested),9.67,3,0.65,1.95,0.00034
USP-S | Royal Guard (Factory New),7.0,1,1.93,1.93,0.00034
Desert Eagle | Mecha Industries (Minimal Wear),7.25,4,0.48,1.92,0.00034
M4A4 | In Living Color (Field-Tested),6.0,3,0.64,1.92,0.00034
M4A1-S | Night Terror (Field-Tested),1.6,5,0.38,1.9,0.00034
MAC-10 | Disco Tech (Field-Tested),4.0,5,0.38,1.9,0.00034
Sticker | SAW (Glitter) | Copenhagen 2024,35.8,5,0.38,1.9,0.00034
USP-S | Lead Conduit (Minimal Wear),28.0,5,0.38,1.9,0.00034
Sticker | Lambda (Holo),109.0,2,0.94,1.88,0.00034
Charm | Pinch O' Salt,7.29,17,0.11,1.87,0.00034
Glock-18 | Neo-Noir (Minimal Wear),1.0,1,1.87,1.87,0.00034
StatTrak™ AK-47 | Slate (Field-Tested),13.5,2,0.92,1.84,0.00034
USP-S | Cyrex (Minimal Wear),6.88,8,0.23,1.84,0.00034
Sawed-Off | Brake Light (Factory New),71.23,13,0.14,1.82,0.00034
Shattered Web Case,48.85,26,0.07,1.82,0.00034
MP7 | Bloodsport (Minimal Wear),3.2,5,0.36,1.8,0.00034
MP9 | Mount Fuji (Factory New),12.0,5,0.36,1.8,0.00034
StatTrak™ AWP | Capillary (Minimal Wear),6.33,3,0.6,1.8,0.00034
AK-47 | Aphrodite (Field-Tested),2.0,1,1.78,1.78,0.00034
Aces High Pin,13.0,1,1.78,1.78,0.00034
StatTrak™ M4A1-S | Black Lotus (Field-Tested),4.0,1,1.78,1.78,0.00034
Rezan The Ready | Sabre,7.67,3,0.59,1.77,0.00034
Copenhagen 2024 Legends Autograph Capsule,52.5,16,0.11,1.76,0.00034
Glock-18 | Block-18 (Minimal Wear),10.38,8,0.22,1.76,0.00034
MAG-7 | SWAG-7 (Minimal Wear),60.12,8,0.22,1.76,0.00034
R8 Revolver | Amber Fade (Minimal Wear),22.91,11,0.16,1.76,0.00034
Gamma Case,64.71,7,0.25,1.75,0.00034
Charm | Baby's AK,8.0,9,0.19,1.71,0.00034
Sticker | Wildcard (Glitter) | Shanghai 2024,89.78,9,0.19,1.71,0.00034
AK-47 | The Empress (Field-Tested),1.0,1,1.7,1.7,0.00034
AWP | Wildfire (Field-Tested),7.0,1,1.7,1.7,0.00034
R8 Revolver | Amber Fade (Field-Tested),16.62,13,0.13,1.69,0.00034
Krakow 2017 Legends Autograph Capsule,54.0,1,1.68,1.68,0.00034
Nova | Koi (Minimal Wear),2.0,2,0.84,1.68,0.00034
UMP-45 | Neo-Noir (Minimal Wear),3.0,1,1.68,1.68,0.00034
Sticker | Liquid (Holo) | 2020 RMR,14.27,15,0.11,1.65,0.00034
StatTrak™ Desert Eagle | Light Rail (Minimal Wear),13.0,1,1.63,1.63,0.00034
StatTrak™ AK-47 | Uncharted (Field-Tested),67.56,9,0.18,1.62,0.00034
AK-47 | Elite Build (Minimal Wear),8.86,7,0.23,1.61,0.00034
MP7 | Urban Hazard (Factory New),3.67,3,0.52,1.56,0.00034
StatTrak™ SSG 08 | Fever Dream (Minimal Wear),37.0,1,1.56,1.56,0.00034
Sticker | 3DMAX (Glitter) | Shanghai 2024,27.17,12,0.13,1.56,0.00034
MAC-10 | Light Box (Factory New),69.0,5,0.31,1.55,0.00034
StatTrak™ USP-S | PC-GRN (Minimal Wear),4.6,5,0.31,1.55,0.00034
AK-47 | Blue Laminate (Minimal Wear),10.0,1,1.54,1.54,0.00034
Desert Eagle | Night Heist (Factory New),19.0,1,1.54,1.54,0.00034
Sticker | SAW | Copenhagen 2024,57.29,17,0.09,1.53,0.00034
USP-S | Black Lotus (Field-Tested),12.5,8,0.19,1.52,0.00034
"Music Kit | ISOxo, inhuman",18.0,1,1.5,1.5,0.00034
Zeus x27 | Olympus (Minimal Wear),9.33,3,0.5,1.5,0.00034
Sticker | Dragon Lore (Foil),75.5,4,0.37,1.48,0.00034
Galil AR | Stone Cold (Minimal Wear),5.67,3,0.49,1.47,0.00034
M4A1-S | Player Two (Field-Tested),25.0,1,1.47,1.47,0.00034
MAC-10 | Neon Rider (Field-Tested),5.0,2,0.73,1.46,0.00034
'Two Times' McCoy | USAF TACP,5.0,2,0.72,1.44,0.00034
StatTrak™ USP-S | Flashback (Factory New),14.0,1,1.43,1.43,0.00034
AK-47 | Crane Flight (Field-Tested),4.0,1,1.42,1.42,0.00034
10 Year Birthday Sticker Capsule,10.5,14,0.1,1.4,0.00034
Charm | Lil' No. 2,6.0,3,0.46,1.38,0.00034
MP9 | Arctic Tri-Tone (Minimal Wear),7.0,3,0.46,1.38,0.00034
Sticker | Cedar Creek (Holo),27.33,3,0.46,1.38,0.00034
Sticker | Enemy Spotted (Holo),1.0,2,0.69,1.38,0.00034
USP-S | Alpine Camo (Field-Tested),16.48,23,0.06,1.38,0.00034
Chem-Haz Specialist | SWAT,1.0,1,1.36,1.36,0.00034
Patch | Metal The Global Elite,9.0,1,1.36,1.36,0.00034
Sticker | Baby Howl,94.0,15,0.09,1.35,0.00034
Sticker | TYLOO (Holo) | 2020 RMR,9.78,9,0.15,1.35,0.00034
Sticker | Web Stuck,28.6,15,0.09,1.35,0.00034
Glock-18 | Bullet Queen (Field-Tested),5.5,2,0.66,1.32,0.00034
AK-47 | Searing Rage (Well-Worn),44.8,5,0.26,1.3,0.00034
Charm | Lil' Crass,5.4,10,0.13,1.3,0.00034
StatTrak™ Five-SeveN | Urban Hazard (Factory New),7.0,1,1.3,1.3,0.00034
StatTrak™ USP-S | Torque (Factory New),7.0,1,1.3,1.3,0.00034
FAMAS | Mecha Industries (Field-Tested),13.0,1,1.29,1.29,0.00034
Cmdr. Davida 'Goggles' Fernandez | SEAL Frogman,141.0,1,1.28,1.28,0.00034
SSG 08 | Fever Dream (Factory New),3.75,4,0.32,1.28,0.00034
StatTrak™ AK-47 | Elite Build (Field-Tested),7.5,2,0.64,1.28,0.00034
Bravo Pin,4.5,2,0.63,1.26,0.00034
CZ75-Auto | Tigris (Factory New),10.0,1,1.26,1.26,0.00034
Galil AR | Tuxedo (Minimal Wear),50.43,7,0.18,1.26,0.00034
M4A1-S | Night Terror (Minimal Wear),17.44,9,0.14,1.26,0.00034
Sticker | Renegades (Holo) | 2020 RMR,32.5,6,0.21,1.26,0.00034
AWP | Atheris (Battle-Scarred),17.0,2,0.62,1.24,0.00034
USP-S | Jawbreaker (Well-Worn),10.33,3,0.41,1.23,0.00034
Tec-9 | Avalanche (Minimal Wear),1.0,1,1.22,1.22,0.00034
AK-47 | Neon Revolution (Minimal Wear),6.0,1,1.21,1.21,0.00034
Sticker | Cloud9 | Copenhagen 2024,37.27,11,0.11,1.21,0.00034
'Two Times' McCoy | TACP Cavalry,7.75,4,0.3,1.2,0.00034
AWP | Fever Dream (Minimal Wear),10.0,1,1.2,1.2,0.00034
Desert Eagle | Light Rail (Minimal Wear),17.0,5,0.24,1.2,0.00034
Desert Eagle | Tilted (Field-Tested),59.07,15,0.08,1.2,0.00034
M4A4 | Evil Daimyo (Field-Tested),7.0,4,0.3,1.2,0.00034
"Music Kit | Meechy Darko, Gothic Luxury",8.83,6,0.2,1.2,0.00034
MP5-SD | Phosphor (Field-Tested),2.0,1,1.19,1.19,0.00034
Sticker | FaZe Clan (Holo) | Paris 2023,51.41,17,0.07,1.19,0.00034
MAC-10 | Saibā Oni (Minimal Wear),2.5,2,0.58,1.16,0.00034
Glock-18 | Vogue (Minimal Wear),2.0,2,0.57,1.14,0.00034
Sticker | OG (Holo) | Paris 2023,5.0,1,1.11,1.11,0.00034
AWP | Duality (Battle-Scarred),44.5,2,0.55,1.1,0.00034
M4A4 | Tooth Fairy (Field-Tested),18.2,5,0.22,1.1,0.00034
Nova | Antique (Factory New),8.0,1,1.1,1.1,0.00034
Charm | POP Art,9.33,3,0.36,1.08,0.00034
Desert Eagle | Mecha Industries (Field-Tested),2.0,2,0.54,1.08,0.00034
Revolver Case,61.75,12,0.09,1.08,0.00034
XM1014 | Entombed (Minimal Wear),38.67,3,0.36,1.08,0.00034
Lieutenant Rex Krikey | SEAL Frogman,7.0,1,1.07,1.07,0.00034
StatTrak™ Desert Eagle | Bronze Deco (Factory New),6.0,1,1.07,1.07,0.00034
StatTrak™ FAMAS | Mecha Industries (Minimal Wear),6.0,1,1.07,1.07,0.00034
Five-SeveN | Monkey Business (Field-Tested),10.2,5,0.21,1.05,0.00034
AWP | Mortis (Minimal Wear),14.5,2,0.52,1.04,0.00034
MP7 | Fade (Minimal Wear),5.0,1,1.04,1.04,0.00034
StatTrak™ Desert Eagle | Mecha Industries (Field-Tested),6.0,1,1.04,1.04,0.00034
AK-47 | Point Disarray (Field-Tested),7.0,1,1.02,1.02,0.00034
USP-S | Silent Shot (Factory New),13.5,2,0.51,1.02,0.00034
Austin 2025 Champions Autograph Capsule,12.0,4,0.25,1.0,0.00034
Desert Eagle | Blue Ply (Factory New),9.0,2,0.5,1.0,0.00034
M249 | Downtown (Factory New),25.0,2,0.5,1.0,0.00034
M4A1-S | Glitched Paint (Minimal Wear),3.0,1,1.0,1.0,0.00034
Sticker | FURIA (Holo) | Paris 2023,38.5,2,0.5,1.0,0.00034
Sticker | Vitality (Holo) | Copenhagen 2024,51.0,2,0.5,1.0,0.00034
Sticker | Eternal Fire | Copenhagen 2024,20.09,11,0.09,0.99,0.00034
Desert Eagle | Serpent Strike (Field-Tested),39.86,7,0.14,0.98,0.00034
Sticker | Cbbl (Holo),10.0,1,0.98,0.98,0.00034
XM1014 | Slipstream (Factory New),43.0,7,0.14,0.98,0.00034
AWP | Phobos (Minimal Wear),9.75,4,0.24,0.96,0.00034
Charm | Pocket AWP,22.58,12,0.08,0.96,0.00034
Galil AR | NV (Factory New),8.75,4,0.24,0.96,0.00034
MAG-7 | Monster Call (Field-Tested),1.33,6,0.16,0.96,0.00034
Sticker | Apeks (Holo) | Paris 2023,97.5,4,0.24,0.96,0.00034
Sticker | PGL (Holo) | Stockholm 2021,60.5,6,0.16,0.96,0.00034
UMP-45 | Arctic Wolf (Factory New),89.0,1,0.96,0.96,0.00034
Glock-18 | Candy Apple (Minimal Wear),7.4,5,0.19,0.95,0.00034
M4A1-S | Nightmare (Field-Tested),1.0,1,0.94,0.94,0.00034
StatTrak™ AWP | Mortis (Minimal Wear),2.0,1,0.94,0.94,0.00034
AK-47 | Uncharted (Factory New),7.67,3,0.31,0.93,0.00034
XM1014 | Black Tie (Factory New),60.5,2,0.46,0.92,0.00034
MP9 | Arctic Tri-Tone (Field-Tested),16.0,1,0.91,0.91,0.00034
SG 553 | Aloha (Factory New),42.29,7,0.13,0.91,0.00034
Sticker | Glare,77.86,7,0.13,0.91,0.00034
Sticker | Vitality (Glitter) | Copenhagen 2024,6.86,7,0.13,0.91,0.00034
Desert Eagle | Meteorite (Minimal Wear),1.0,1,0.9,0.9,0.00034
Five-SeveN | Heat Treated (Field-Tested),6.5,2,0.45,0.9,0.00034
M4A4 | The Emperor (Field-Tested),9.0,1,0.9,0.9,0.00034
StatTrak™ M4A4 | Choppa (Minimal Wear),11.2,5,0.18,0.9,0.00034
Sticker | Team Liquid (Holo) | Paris 2023,18.13,15,0.06,0.9,0.00034
Zeus x27 | Tosai (Factory New),13.67,3,0.3,0.9,0.00034
StatTrak™ Glock-18 | Block-18 (Factory New),1.0,1,0.89,0.89,0.00034
Copenhagen 2024 Contenders Sticker Capsule,67.86,22,0.04,0.88,0.00034
SSG 08 | Fever Dream (Minimal Wear),3.5,4,0.22,0.88,0.00034
StatTrak™ Desert Eagle | Bronze Deco (Minimal Wear),3.0,1,0.88,0.88,0.00034
Sticker | Clown Wig,31.0,11,0.08,0.88,0.00034
Sticker | Gold Web,91.88,8,0.11,0.88,0.00034
AK-47 | VariCamo Grey (Factory New),21.33,3,0.29,0.87,0.00034
Austin 2025 Contenders Sticker Capsule,8.0,21,0.04,0.84,0.00034
Glock-18 | Vogue (Field-Tested),46.33,3,0.28,0.84,0.00034
MP7 | Abyssal Apparition (Field-Tested),14.5,4,0.21,0.84,0.00034
Sealed Dead Hand Terminal,5.0,2,0.42,0.84,0.00034
Sticker | Cloud9 (Glitter) | Antwerp 2022,36.36,14,0.06,0.84,0.00034
Sticker | Natus Vincere (Holo) | Stockholm 2021,138.67,21,0.04,0.84,0.00034
Sticker | Spirit (Holo) | 2020 RMR,11.67,6,0.14,0.84,0.00034
USP-S | Cortex (Well-Worn),6.0,2,0.42,0.84,0.00034
Charm | Lil' Teacup,21.5,2,0.41,0.82,0.00034
M4A1-S | Fizzy POP (Factory New),74.0,1,0.81,0.81,0.00034
P250 | Metallic DDPAT (Factory New),71.0,9,0.09,0.81,0.00034
M4A1-S | Basilisk (Minimal Wear),4.0,1,0.8,0.8,0.00034
P90 | Grim (Factory New),12.25,4,0.2,0.8,0.00034
SG 553 | Dragon Tech (Field-Tested),4.25,4,0.2,0.8,0.00034
Souvenir Glock-18 | High Beam (Factory New),28.0,1,0.8,0.8,0.00034
StatTrak™ SSG 08 | Abyss (Minimal Wear),10.5,2,0.4,0.8,0.00034
StatTrak™ UMP-45 | Moonrise (Field-Tested),19.0,2,0.4,0.8,0.00034
StatTrak™ USP-S | PC-GRN (Field-Tested),5.4,5,0.16,0.8,0.00034
Sticker | North (Holo) | 2020 RMR,1.12,8,0.1,0.8,0.00034
Sticker | Perfect World (Glitter) | Shanghai 2024,38.9,10,0.08,0.8,0.00034
Sticker | Red Shades (Foil),2.0,1,0.8,0.8,0.00034
XM1014 | Entombed (Field-Tested),82.75,4,0.2,0.8,0.00034
Desert Eagle | Kumicho Dragon (Field-Tested),15.0,1,0.79,0.79,0.00034
Dual Berettas | Hemoglobin (Factory New),17.0,1,0.79,0.79,0.00034
AWP | Chrome Cannon (Well-Worn),36.0,1,0.78,0.78,0.00034
M4A1-S | Liquidation (Field-Tested),3.5,2,0.39,0.78,0.00034
SSG 08 | Zeno (Field-Tested),6.43,7,0.11,0.77,0.00034
StatTrak™ USP-S | Cortex (Field-Tested),10.0,1,0.77,0.77,0.00034
Sticker | Boom (Holo) | 2020 RMR,50.86,7,0.11,0.77,0.00034
Dragomir | Sabre,3.0,2,0.38,0.76,0.00034
StatTrak™ Glock-18 | Block-18 (Minimal Wear),34.0,2,0.38,0.76,0.00034
Sticker | Renegades (Holo) | Katowice 2019,1.0,1,0.76,0.76,0.00034
Sticker | Say Cheese (Holo),11.5,2,0.38,0.76,0.00034
USP-S | Jawbreaker (Battle-Scarred),11.0,1,0.76,0.76,0.00034
Galil AR | Connexion (Field-Tested),2.6,5,0.15,0.75,0.00034
Glock-18 | Moonrise (Field-Tested),15.67,3,0.25,0.75,0.00034
AK-47 | Slate (Battle-Scarred),8.5,2,0.37,0.74,0.00034
StatTrak™ USP-S | Black Lotus (Field-Tested),9.0,1,0.73,0.73,0.00034
FAMAS | Yeti Camo (Minimal Wear),15.5,2,0.36,0.72,0.00034
M4A4 | Converter (Minimal Wear),31.75,4,0.18,0.72,0.00034
MP5-SD | Kitbash (Field-Tested),1.0,4,0.18,0.72,0.00034
MP9 | Buff Blue (Minimal Wear),10.5,6,0.12,0.72,0.00034
Sticker | Bad News Eagles (Holo) | Paris 2023,80.33,6,0.12,0.72,0.00034
Sticker | Natus Vincere (Gold) | 2020 RMR,73.5,2,0.36,0.72,0.00034
CS20 Sticker Capsule,8.0,2,0.35,0.7,0.00034
PP-Bizon | Osiris (Minimal Wear),5.0,1,0.7,0.7,0.00034
USP-S | Royal Guard (Minimal Wear),24.0,1,0.69,0.69,0.00034
Charm | Lil' Whiskers,8.5,2,0.34,0.68,0.00034
Glock-18 | Ocean Topo (Minimal Wear),29.0,4,0.17,0.68,0.00034
Charm | Lil' Squatch,12.67,3,0.22,0.66,0.00034
MP5-SD | Kitbash (Minimal Wear),12.5,6,0.11,0.66,0.00034
Sticker | Evil Geniuses (Gold) | 2020 RMR,1.0,2,0.33,0.66,0.00034
Sticker | PGL (Holo) | Copenhagen 2024,131.4,5,0.13,0.65,0.00034
StatTrak™ Glock-18 | Vogue (Minimal Wear),7.0,1,0.64,0.64,0.00034
Sticker | Into The Breach (Holo) | Paris 2023,36.0,2,0.32,0.64,0.00034
★ Survival Knife | Marble Fade (Factory New),15.0,1,0.64,0.64,0.00034
Sticker | Complexity Gaming (Holo) | Paris 2023,113.0,7,0.09,0.63,0.00034
XM1014 | Irezumi (Factory New),25.11,9,0.07,0.63,0.00034
Five-SeveN | Boost Protocol (Minimal Wear),5.0,1,0.62,0.62,0.00034
Sticker | Monte (Holo) | Paris 2023,30.0,1,0.62,0.62,0.00034
Dual Berettas | Hydro Strike (Minimal Wear),8.0,1,0.6,0.6,0.00034
Dual Berettas | Melondrama (Minimal Wear),8.5,2,0.3,0.6,0.00034
Glock-18 | Glockingbird (Minimal Wear),7.0,1,0.6,0.6,0.00034
Operation Hydra Case Key,52.75,4,0.15,0.6,0.00034
FAMAS | Valence (Field-Tested),12.0,1,0.59,0.59,0.00034
Galil AR | Firefight (Minimal Wear),30.0,1,0.59,0.59,0.00034
MP9 | Featherweight (Factory New),17.0,1,0.59,0.59,0.00034
M4A4 | Turbine (Field-Tested),8.0,1,0.58,0.58,0.00034
Sticker | 9INE (Holo) | Paris 2023,20.0,1,0.58,0.58,0.00034
Stockholm 2021 Challengers Sticker Capsule,36.0,2,0.29,0.58,0.00034
MAC-10 | Allure (Field-Tested),2.33,3,0.19,0.57,0.00034
Patch | Phoenix,11.0,1,0.57,0.57,0.00034
Sticker | Grayhound Gaming (Holo) | Paris 2023,17.33,3,0.19,0.57,0.00034
CZ75-Auto | Polymer (Factory New),23.5,2,0.28,0.56,0.00034
M4A1-S | Glitched Paint (Field-Tested),6.0,1,0.56,0.56,0.00034
M4A1-S | Mud-Spec (Minimal Wear),26.12,8,0.07,0.56,0.00034
SSG 08 | Carbon Fiber (Factory New),46.0,1,0.56,0.56,0.00034
Souvenir USP-S | Purple DDPAT (Field-Tested),9.0,1,0.56,0.56,0.00034
StatTrak™ Glock-18 | Umbral Rabbit (Field-Tested),6.25,4,0.14,0.56,0.00034
Sticker | FaZe Clan (Glitter) | Antwerp 2022,19.2,5,0.11,0.55,0.00034
SG 553 | Cyrex (Field-Tested),39.5,2,0.27,0.54,0.00034
Sticker | KOI (Glitter) | Copenhagen 2024,55.81,27,0.02,0.54,0.00034
Sealed Graffiti | HellRaisers | London 2018,15.0,1,0.53,0.53,0.00034
Community Sticker Capsule 1,21.5,2,0.26,0.52,0.00034
SCAR-20 | Poultrygeist (Factory New),90.85,13,0.04,0.52,0.00034
SSG 08 | Zeno (Factory New),3.0,1,0.51,0.51,0.00034
P250 | Visions (Field-Tested),35.6,5,0.1,0.5,0.00034
Prisma 2 Case,22.6,5,0.1,0.5,0.00034
Sticker | Chompers,90.0,10,0.05,0.5,0.00034
AK-47 | Steel Delta (Field-Tested),17.0,1,0.49,0.49,0.00034
MAG-7 | Wildwood (Factory New),3.0,1,0.49,0.49,0.00034
PP-Bizon | Runic (Factory New),46.57,7,0.07,0.49,0.00034
AK-47 | Elite Build (Field-Tested),7.25,4,0.12,0.48,0.00034
Desert Eagle | Serpent Strike (Minimal Wear),5.75,4,0.12,0.48,0.00034
Dual Berettas | Flora Carnivora (Field-Tested),1.67,3,0.16,0.48,0.00034
Dual Berettas | Melondrama (Field-Tested),55.5,4,0.12,0.48,0.00034
Five-SeveN | Violent Daimyo (Minimal Wear),15.0,2,0.24,0.48,0.00034
Galil AR | Connexion (Minimal Wear),5.0,2,0.24,0.48,0.00034
MAC-10 | Candy Apple (Factory New),50.17,6,0.08,0.48,0.00034
MP9 | Bioleak (Factory New),44.5,2,0.24,0.48,0.00034
Souvenir MP5-SD | Lab Rats (Factory New),39.0,8,0.06,0.48,0.00034
Sticker | Fluxo (Glitter) | Paris 2023,10.17,6,0.08,0.48,0.00034
UMP-45 | Grand Prix (Field-Tested),9.0,6,0.08,0.48,0.00034
UMP-45 | Momentum (Field-Tested),102.0,4,0.12,0.48,0.00034
Nova | Wurst Hölle (Field-Tested),30.5,2,0.23,0.46,0.00034
Tec-9 | Bamboozle (Minimal Wear),4.0,1,0.46,0.46,0.00034
StatTrak™ USP-S | PC-GRN (Factory New),2.0,1,0.45,0.45,0.00034
Sticker | GODSENT (Holo) | 2020 RMR,6.33,3,0.15,0.45,0.00034
2020 RMR Contenders,17.36,11,0.04,0.44,0.00034
Falchion Case,12.0,1,0.44,0.44,0.00034
M4A1-S | Night Terror (Battle-Scarred),43.5,4,0.11,0.44,0.00034
Sticker | Complexity Gaming (Glitter) | Paris 2023,19.75,4,0.11,0.44,0.00034
Sticker | Evil Geniuses (Foil) | Stockholm 2021,3.0,2,0.22,0.44,0.00034
Sticker | MOUZ (Glitter) | Copenhagen 2024,50.64,11,0.04,0.44,0.00034
USP-S | Flashback (Factory New),20.0,2,0.22,0.44,0.00034
AWP | Acheron (Field-Tested),11.0,1,0.43,0.43,0.00034
Glock-18 | Candy Apple (Field-Tested),8.0,1,0.43,0.43,0.00034
Glock-18 | Wasteland Rebel (Minimal Wear),1.0,1,0.43,0.43,0.00034
AWP | Phobos (Factory New),18.0,1,0.42,0.42,0.00034
M4A4 | Spider Lily (Minimal Wear),9.0,1,0.42,0.42,0.00034
Sergeant Bombson | SWAT,8.0,1,0.42,0.42,0.00034
Sticker | Boombl4 (Holo) | Stockholm 2021,175.33,3,0.14,0.42,0.00034
Sticker | Virtus.pro (Gold) | 2020 RMR,14.0,1,0.42,0.42,0.00034
"Sticker | ZywOo (Holo, Champion) | Paris 2023",14.0,1,0.42,0.42,0.00034
Sticker | s1mple | Berlin 2019,15.0,6,0.07,0.42,0.00034
Stockholm 2021 Champions Autograph Capsule,5.0,3,0.14,0.42,0.00034
Galil AR | Metallic Squeezer (Factory New),9.0,1,0.41,0.41,0.00034
Sticker | Virtus.pro (Holo) | Copenhagen 2024,2.0,1,0.41,0.41,0.00034
AK-47 | Slate (Field-Tested),34.25,8,0.05,0.4,0.00034
AWP | Worm God (Minimal Wear),4.0,1,0.4,0.4,0.00034
M4A4 | Urban DDPAT (Minimal Wear),7.0,2,0.2,0.4,0.00034
Shanghai 2024 Challengers Sticker Capsule,44.0,5,0.08,0.4,0.00034
Sticker | FaZe Clan (Glitter) | Copenhagen 2024,16.0,2,0.2,0.4,0.00034
Sticker | Imperial Esports (Glitter) | Antwerp 2022,16.4,5,0.08,0.4,0.00034
USP-S | Ticket to Hell (Field-Tested),5.75,4,0.1,0.4,0.00034
XM1014 | Zombie Offensive (Factory New),84.75,4,0.1,0.4,0.00034
StatTrak™ Desert Eagle | Blue Ply (Field-Tested),12.0,1,0.39,0.39,0.00034
USP-S | Neo-Noir (Field-Tested),1.0,1,0.39,0.39,0.00034
P90 | Vent Rush (Field-Tested),2.0,2,0.19,0.38,0.00034
MAG-7 | Sonar (Factory New),37.0,1,0.37,0.37,0.00034
M4A4 | Naval Shred Camo (Factory New),3.5,2,0.18,0.36,0.00034
Sticker | Lynn Vision (Glitter) | Copenhagen 2024,99.11,9,0.04,0.36,0.00034
Sticker | Web Stuck (Holo),33.5,4,0.09,0.36,0.00034
Zeus x27 | Tosai (Field-Tested),103.89,9,0.04,0.36,0.00034
Sticker | 100 Thieves (Holo) | 2020 RMR,34.0,7,0.05,0.35,0.00034
USP-S | Flashback (Minimal Wear),23.2,5,0.07,0.35,0.00034
P250 | Muertos (Minimal Wear),1.0,1,0.34,0.34,0.00034
Sawed-Off | Analog Input (Field-Tested),4.0,1,0.34,0.34,0.00034
Sticker | Vitality (Foil) | 2020 RMR,22.0,1,0.34,0.34,0.00034
MAG-7 | Wildwood (Minimal Wear),19.45,11,0.03,0.33,0.00034
StatTrak™ Glock-18 | Weasel (Field-Tested),19.0,1,0.33,0.33,0.00034
StatTrak™ P2000 | Ivory (Field-Tested),71.0,1,0.33,0.33,0.00034
USP-S | Torque (Factory New),5.0,1,0.33,0.33,0.00034
Sticker | G2 Esports (Holo) | Paris 2023,140.5,16,0.02,0.32,0.00034
UMP-45 | Moonrise (Field-Tested),41.0,2,0.16,0.32,0.00034
Glock-18 | Winterized (Factory New),21.0,1,0.31,0.31,0.00034
Charm | Lil' Ava,57.9,10,0.03,0.3,0.00034
Five-SeveN | Angry Mob (Field-Tested),3.0,1,0.3,0.3,0.00034
Galil AR | Metallic Squeezer (Minimal Wear),36.0,1,0.3,0.3,0.00034
Glock-18 | Catacombs (Factory New),26.0,1,0.3,0.3,0.00034
MP5-SD | Neon Squeezer (Field-Tested),22.1,10,0.03,0.3,0.00034
StatTrak™ P250 | Supernova (Minimal Wear),1.0,1,0.3,0.3,0.00034
Sticker | HooXi (Glitter) | Copenhagen 2024,7.0,1,0.3,0.3,0.00034
Sticker | Mastermind,18.0,2,0.15,0.3,0.00034
Sticker | Ninjas in Pyjamas (Holo) | 2020 RMR,108.6,10,0.03,0.3,0.00034
Sticker | ropz (Glitter) | Shanghai 2024,52.0,1,0.3,0.3,0.00034
AWP | PAW (Minimal Wear),8.0,1,0.29,0.29,0.00034
StatTrak™ MAC-10 | Sakkaku (Field-Tested),31.0,1,0.29,0.29,0.00034
Five-SeveN | Flame Test (Factory New),40.0,4,0.07,0.28,0.00034
Nova | Candy Apple (Factory New),131.36,14,0.02,0.28,0.00034
StatTrak™ AWP | Capillary (Field-Tested),10.5,2,0.14,0.28,0.00034
StatTrak™ SSG 08 | Fever Dream (Field-Tested),39.0,1,0.28,0.28,0.00034
Sticker | Copenhagen Flames (Glitter) | Antwerp 2022,2.0,2,0.14,0.28,0.00034
USP-S | Cyrex (Field-Tested),14.0,2,0.14,0.28,0.00034
AUG | Random Access (Field-Tested),16.0,1,0.27,0.27,0.00034
AWP | PAW (Factory New),10.0,1,0.27,0.27,0.00034
SG 553 | Darkwing (Minimal Wear),19.0,1,0.27,0.27,0.00034
Sticker | DreamEaters | Berlin 2019,6.0,1,0.27,0.27,0.00034
USP-S | Bleeding Edge (Minimal Wear),11.0,1,0.27,0.27,0.00034
Horizon Case,6.0,1,0.26,0.26,0.00034
M4A1-S | Night Terror (Factory New),67.38,26,0.01,0.26,0.00034
StatTrak™ AK-47 | Uncharted (Minimal Wear),2.0,1,0.26,0.26,0.00034
Sticker | Froggles (Holo),2.0,1,0.26,0.26,0.00034
Patch | Shattered Web,9.0,1,0.25,0.25,0.00034
Sticker | Hydro Stream,20.2,5,0.05,0.25,0.00034
CZ75-Auto | Tacticat (Field-Tested),2.0,4,0.06,0.24,0.00034
Copenhagen 2024 Champions Autograph Capsule,20.67,6,0.04,0.24,0.00034
MAC-10 | Sakkaku (Field-Tested),3.5,2,0.12,0.24,0.00034
MAG-7 | Foresight (Factory New),53.0,3,0.08,0.24,0.00034
MP7 | Anodized Navy (Factory New),10.0,1,0.24,0.24,0.00034
UMP-45 | Labyrinth (Field-Tested),30.0,1,0.24,0.24,0.00034
UMP-45 | Momentum (Minimal Wear),16.0,1,0.24,0.24,0.00034
Charm | Lil' Sandy,25.0,1,0.23,0.23,0.00034
Sawed-Off | Spirit Board (Factory New),4.0,1,0.23,0.23,0.00034
Budapest 2025 Champions Autograph Capsule,91.73,11,0.02,0.22,0.00034
Glock-18 | Block-18 (Field-Tested),6.0,1,0.22,0.22,0.00034
MP7 | Just Smile (Field-Tested),9.0,1,0.22,0.22,0.00034
Sticker | Co Co Co,38.0,2,0.11,0.22,0.00034
Sticker | Team Spirit (Glitter) | Copenhagen 2024,31.0,1,0.22,0.22,0.00034
AK-47 | The Empress (Well-Worn),3.0,1,0.21,0.21,0.00034
Copenhagen 2024 Legends Sticker Capsule,13.33,3,0.07,0.21,0.00034
Sticker | MOUZ (Glitter) | Paris 2023,21.0,3,0.07,0.21,0.00034
XM1014 | Oxide Blaze (Factory New),48.67,3,0.07,0.21,0.00034
Desert Eagle | Blue Ply (Minimal Wear),9.0,2,0.1,0.2,0.00034
G3SG1 | Orange Crash (Factory New),88.0,1,0.2,0.2,0.00034
M4A1-S | Emphorosaur-S (Field-Tested),16.0,2,0.1,0.2,0.00034
MP9 | Capillary (Factory New),1.0,1,0.2,0.2,0.00034
MP9 | Ruby Poison Dart (Factory New),3.0,1,0.2,0.2,0.00034
SSG 08 | Memorial (Minimal Wear),2.0,2,0.1,0.2,0.00034
Shanghai 2024 Champions Autograph Capsule,68.2,20,0.01,0.2,0.00034
Sticker | Boom Epicenter (Glitter),40.75,4,0.05,0.2,0.00034
Sticker | Imperial Esports (Holo) | Copenhagen 2024,107.5,2,0.1,0.2,0.00034
Antwerp 2022 Champions Autograph Capsule,83.0,6,0.03,0.18,0.00034
M249 | Downtown (Field-Tested),2.0,1,0.18,0.18,0.00034
Nova | Wurst Hölle (Minimal Wear),11.0,1,0.18,0.18,0.00034
Paris 2023 Legends Sticker Capsule,18.0,9,0.02,0.18,0.00034
R8 Revolver | Crazy 8 (Field-Tested),2.0,1,0.18,0.18,0.00034
SSG 08 | Fever Dream (Field-Tested),4.0,1,0.18,0.18,0.00034
Sticker | FlyQuest (Glitter) | Shanghai 2024,16.0,1,0.18,0.18,0.00034
Sticker | Spirit (Foil) | 2020 RMR,2.0,1,0.18,0.18,0.00034
SCAR-20 | Carbon Fiber (Factory New),1.0,1,0.17,0.17,0.00034
Dual Berettas | Hideout (Factory New),47.5,2,0.08,0.16,0.00034
MP7 | Coral Paisley (Factory New),17.5,2,0.08,0.16,0.00034
MP9 | Army Sheen (Factory New),7.0,1,0.16,0.16,0.00034
Sticker | Astralis (Holo) | 2020 RMR,46.75,4,0.04,0.16,0.00034
Sticker | Into The Breach (Gold) | Paris 2023,78.0,1,0.16,0.16,0.00034
Sticker | frozen | Berlin 2019,74.0,1,0.16,0.16,0.00034
Five-SeveN | Silver Quartz (Factory New),5.0,1,0.15,0.15,0.00034
Galil AR | Metallic Squeezer (Field-Tested),1.0,1,0.15,0.15,0.00034
M4A1-S | Solitude (Battle-Scarred),2.0,1,0.15,0.15,0.00034
MAC-10 | Silver (Factory New),1.0,1,0.15,0.15,0.00034
Sticker | Coiled Strike,17.67,3,0.05,0.15,0.00034
Sticker | Complexity Gaming (Glitter) | Shanghai 2024,6.0,1,0.15,0.15,0.00034
M4A4 | Etch Lord (Field-Tested),4.0,1,0.14,0.14,0.00034
SSG 08 | Hand Brake (Minimal Wear),1.0,1,0.14,0.14,0.00034
Sticker | Virtus.pro (Holo) | 2020 RMR,13.0,1,0.14,0.14,0.00034
Sticker | ZywOo (Glitter) | Copenhagen 2024,19.0,1,0.14,0.14,0.00034
AK-47 | VariCamo Grey (Minimal Wear),4.0,1,0.13,0.13,0.00034
P250 | Nevermore (Factory New),31.0,1,0.13,0.13,0.00034
AK-47 | Elite Build (Well-Worn),3.0,1,0.12,0.12,0.00034
AWP | Capillary (Minimal Wear),1.0,1,0.12,0.12,0.00034
Galil AR | Rocket Pop (Minimal Wear),6.0,1,0.12,0.12,0.00034
M4A1-S | VariCamo (Field-Tested),133.0,2,0.06,0.12,0.00034
Nova | Dark Sigil (Factory New),60.0,4,0.03,0.12,0.00034
P250 | Nevermore (Minimal Wear),17.0,1,0.12,0.12,0.00034
P250 | Small Game (Field-Tested),20.0,1,0.12,0.12,0.00034
P90 | Freight (Factory New),32.5,2,0.06,0.12,0.00034
P90 | Wave Breaker (Field-Tested),87.5,2,0.06,0.12,0.00034
Rio 2022 Champions Autograph Capsule,49.0,4,0.03,0.12,0.00034
SCAR-20 | Jungle Slipstream (Factory New),33.0,1,0.12,0.12,0.00034
SG 553 | Damascus Steel (Field-Tested),20.0,2,0.06,0.12,0.00034
Sticker | G2 Esports (Glitter) | Copenhagen 2024,45.5,2,0.06,0.12,0.00034
Sticker | Ninjas in Pyjamas (Holo) | Paris 2023,53.5,2,0.06,0.12,0.00034
Sticker | Ribbon Tie,36.0,3,0.04,0.12,0.00034
UMP-45 | Carbon Fiber (Factory New),20.0,1,0.12,0.12,0.00034
MAC-10 | Oceanic (Factory New),89.0,1,0.11,0.11,0.00034
P250 | Vino Primo (Field-Tested),3.0,1,0.11,0.11,0.00034
AK-47 | Uncharted (Minimal Wear),16.5,2,0.05,0.1,0.00034
Dual Berettas | Ventilators (Factory New),120.0,5,0.02,0.1,0.00034
MP5-SD | Co-Processor (Factory New),12.0,1,0.1,0.1,0.00034
StatTrak™ Glock-18 | Block-18 (Field-Tested),20.0,1,0.1,0.1,0.00034
Tec-9 | Citric Acid (Factory New),3.0,1,0.1,0.1,0.00034
P90 | Wave Breaker (Minimal Wear),40.0,1,0.09,0.09,0.00034
Sticker | Conspiracy Club (Holo),143.0,1,0.09,0.09,0.00034
Sticker | Lambda,22.0,1,0.09,0.09,0.00034
UMP-45 | Wild Child (Field-Tested),19.0,1,0.09,0.09,0.00034
Nova | Wood Fired (Factory New),50.0,1,0.08,0.08,0.00034
R8 Revolver | Memento (Field-Tested),49.0,1,0.08,0.08,0.00034
SCAR-20 | Fragments (Factory New),53.0,1,0.08,0.08,0.00034
SSG 08 | Halftone Whorl (Field-Tested),107.25,4,0.02,0.08,0.00034
Tec-9 | Red Quartz (Minimal Wear),122.0,4,0.02,0.08,0.00034
USP-S | 27 (Minimal Wear),16.5,2,0.04,0.08,0.00034
AUG | Surveillance (Factory New),22.0,1,0.07,0.07,0.00034
M4A1-S | Nitro (Well-Worn),37.0,1,0.07,0.07,0.00034
MAG-7 | Resupply (Factory New),32.0,1,0.07,0.07,0.00034
P2000 | Wicked Sick (Field-Tested),28.0,1,0.07,0.07,0.00034
AK-47 | Olive Polycam (Minimal Wear),11.0,1,0.06,0.06,0.00034
Desert Eagle | Oxide Blaze (Factory New),68.0,1,0.06,0.06,0.00034
Galil AR | Tuxedo (Field-Tested),71.0,3,0.02,0.06,0.00034
SSG 08 | Abyss (Minimal Wear),24.0,1,0.06,0.06,0.00034
Sticker | donk | Shanghai 2024,32.2,5,0.01,0.05,0.00034
AK-47 | Emerald Pinstripe (Field-Tested),99.0,1,0.04,0.04,0.00034
AWP | PAW (Field-Tested),62.0,1,0.04,0.04,0.00034
P250 | Nevermore (Field-Tested),39.0,1,0.04,0.04,0.00034
Sticker | Heroic (Glitter) | Copenhagen 2024,20.0,1,0.04,0.04,0.00034
"Sticker | ZywOo (Glitter, Champion) | Paris 2023",24.5,4,0.01,0.04,0.00034
UMP-45 | Labyrinth (Factory New),47.0,1,0.04,0.04,0.00034
Galil AR | Control (Field-Tested),32.0,1,0.03,0.03,0.00034
MP7 | Abyssal Apparition (Minimal Wear),10.0,1,0.03,0.03,0.00034
PP-Bizon | Night Riot (Factory New),82.0,1,0.03,0.03,0.00034
StatTrak™ SSG 08 | Fever Dream (Factory New),64.33,3,0.01,0.03,0.00034
Sticker | Team Spirit (Glitter) | Shanghai 2024,19.0,1,0.03,0.03,0.00034
Sticker | Vice Cursor,10.67,3,0.01,0.03,0.00034
SG 553 | Dragon Tech (Factory New),16.0,1,0.02,0.02,0.00034
StatTrak™ PP-Bizon | Space Cat (Field-Tested),136.0,1,0.02,0.02,0.00034
Sticker | Heroic (Holo) | Paris 2023,25.0,1,0.02,0.02,0.00034
Zeus x27 | Electric Blue (Minimal Wear),17.0,1,0.02,0.02,0.00034
2020 RMR Legends,91.0,1,0.01,0.01,0.00034
AK-47 | Searing Rage (Battle-Scarred),127.0,1,0.01,0.01,0.00034
MAG-7 | Heaven Guard (Field-Tested),127.0,1,0.01,0.01,0.00034
Sticker | Dreams And Mimics,49.0,1,0.01,0.01,0.00034
Sticker | OG (Foil) | 2020 RMR,92.0,1,0.01,0.01,0.00034
MAG-7 | Foresight (Minimal Wear),29.0,2,0.0,0.0,0.00034
Sticker | Bad News Eagles (Glitter) | Antwerp 2022,123.0,4,-0.0,-0.0,0.00034
Sticker | OG (Glitter) | Rio 2022,130.5,2,-0.0,-0.0,0.00034
Sticker | Scorch Loop (Reverse),118.67,15,-0.0,-0.0,0.00034
Sticker | BIG (Holo) | 2020 RMR,226.0,1,-0.04,-0.04,0.00034
Sticker | Mustachio (Foil),205.0,1,-0.08,-0.08,0.00034
Desert Eagle | Tilted (Battle-Scarred),161.0,2,-0.08,-0.16,0.00034
Charm | Hot Hands,66.0,2,-0.1,-0.2,0.00034
UMP-45 | Blaze (Factory New),53.0,1,-0.2,-0.2,0.00034
Desert Eagle | Corinthian (Factory New),32.5,2,-0.14,-0.28,0.00034
Sticker | 100 Thieves (Foil) | 2020 RMR,166.0,3,-0.1,-0.3,0.00034
Sticker | Blinky,233.0,5,-0.08,-0.4,0.00034
Sticker | ropz (Glitter) | Copenhagen 2024,91.57,14,-0.03,-0.42,0.00034
Sticker | Vitality (Holo) | 2020 RMR,135.82,11,-0.04,-0.44,0.00034
Sticker | Winding Scorch,78.84,32,-0.02,-0.64,0.00034
Berlin 2019 Minor Challengers Autograph Capsule,105.0,1,-0.68,-0.68,0.00034
Huntsman Weapon Case,55.44,16,-0.05,-0.8,0.00034
CS20 Case,137.5,4,-0.21,-0.84,0.00034
Sticker | Kawaii Eyes (Glitter),98.0,4,-0.24,-0.96,0.00034
Rio 2022 Contenders Sticker Capsule,192.45,11,-0.09,-0.99,0.00034
StatTrak™ AK-47 | Redline (Field-Tested),94.0,1,-1.01,-1.01,0.00034
Rio 2022 Challengers Sticker Capsule,189.0,10,-0.12,-1.2,0.00034
Glock-18 | Teal Graf (Field-Tested),75.0,4,-0.31,-1.24,0.00034
Fever Case,8.76,21,-0.06,-1.26,0.00034
Sticker | Fnatic (Holo) | 2020 RMR,203.38,13,-0.1,-1.3,0.00034
Sticker | GODSENT (Holo) | Stockholm 2021,83.0,8,-0.17,-1.36,0.00034
Prisma Case,184.83,6,-0.23,-1.38,0.00034
Rio 2022 Legends Sticker Capsule,162.23,13,-0.11,-1.43,0.00034
SG 553 | Anodized Navy (Factory New),118.75,4,-0.43,-1.72,0.00034
Kilowatt Case,59.51,39,-0.05,-1.95,0.00034
Revolution Case,99.64,28,-0.08,-2.24,0.00034
Trapper Aggressor | Guerrilla Warfare,50.6,10,-0.24,-2.4,0.00034
P2000 | Amber Fade (Factory New),71.86,7,-0.35,-2.45,0.00034
Sticker | PGL (Glitter) | Antwerp 2022,146.85,13,-0.21,-2.73,0.00034
Antwerp 2022 Legends Sticker Capsule,176.36,11,-0.26,-2.86,0.00034
Austin 2025 Legends Sticker Capsule,139.47,32,-0.11,-3.52,0.00034
Antwerp 2022 Contenders Sticker Capsule,138.5,18,-0.27,-4.86,0.00034
Sticker | Gambit Gaming (Holo) | Stockholm 2021,169.25,4,-1.26,-5.04,0.00034
Sticker | FURIA (Holo) | 2020 RMR,174.14,21,-0.26,-5.46,0.00034
Shanghai 2024 Challengers Autograph Capsule,251.1,30,-0.19,-5.7,0.00034
Spectrum Case,181.5,6,-0.97,-5.82,0.00034
Markus Delrow | FBI HRT,104.71,7,-0.84,-5.88,0.00034
Enforcer | Phoenix,48.6,10,-0.61,-6.1,0.00034
MAG-7 | Metallic DDPAT (Factory New),202.9,21,-0.3,-6.3,0.00034
Sir Bloody Skullhead Darryl | The Professionals,48.0,5,-1.27,-6.35,0.00034
Desert Eagle | Heat Treated (Field-Tested),53.23,48,-0.14,-6.72,0.00034
P2000 | Amber Fade (Field-Tested),206.25,4,-1.75,-7.0,0.00034
Zeus x27 | Olympus (Factory New),225.0,1,-7.37,-7.37,0.00034
★ Gut Knife | Doppler (Factory New),5.0,1,-7.88,-7.88,0.00034
Shanghai 2024 Contenders Sticker Capsule,70.39,31,-0.3,-9.3,0.00034
Desert Eagle | Heat Treated (Well-Worn),54.39,36,-0.26,-9.36,0.00034
Stockholm 2021 Contenders Sticker Capsule,103.58,31,-0.45,-13.95,0.00034
M4A1-S | Solitude (Field-Tested),99.1,21,-0.69,-14.49,0.00034
Prof. Shahmat | Elite Crew,204.8,5,-3.04,-15.2,0.00034
Sealed Genesis Terminal,182.43,21,-0.83,-17.43,0.00034
AK-47 | The Outsiders (Minimal Wear),43.0,3,-6.92,-20.76,0.00034
Sticker | Mastermind (Holo),127.28,18,-1.28,-23.04,0.00034
B Squadron Officer | SAS,112.0,6,-4.71,-28.26,0.00034
Operation Bravo Case,182.17,6,-13.84,-83.04,0.00018
Stockholm 2021 Legends Sticker Capsule,123.88,33,-1.27,-41.91,0.0
