name,
Sticker | Baby Howl,
Sticker | TYLOO (Holo) | 2020 RMR,
Glock-18 | Bullet Queen (Field-Tested),
AK-47 | Searing Rage (Well-Worn),
Charm | Lil' Crass,
StatTrak™ Five-SeveN | Urban Hazard (Factory New),
Sticker | Liquid (Holo) | 2020 RMR,
USP-S | Check Engine (Minimal Wear),
FAMAS | Mecha Industries (Field-Tested),
Cmdr. Davida 'Goggles' Fernandez | SEAL Frogman,
Bravo Pin,
CZ75-Auto | Tigris (Factory New),
Sticker | Renegades (Holo) | 2020 RMR,
AWP | Atheris (Battle-Scarred),
Tec-9 | Avalanche (Minimal Wear),
AK-47 | Neon Revolution (Minimal Wear),
'Two Times' McCoy | TACP Cavalry,
Desert Eagle | Tilted (Field-Tested),
M4A1-S | Night Terror (Minimal Wear),
M4A4 | Evil Daimyo (Field-Tested),
"Music Kit | Meechy Darko, Gothic Luxury",
MP5-SD | Phosphor (Field-Tested),
Sticker | FaZe Clan (Holo) | Paris 2023,
MAC-10 | Saibā Oni (Minimal Wear),
Galil AR | Tuxedo (Minimal Wear),
Glock-18 | Vogue (Minimal Wear),
Sticker | Boombl4 (Holo) | Stockholm 2021,
Sticker | OG (Holo) | Paris 2023,
AWP | Duality (Battle-Scarred),
Nova | Antique (Factory New),
Charm | POP Art,
Desert Eagle | Mecha Industries (Field-Tested),
Sticker | Boom (Holo) | 2020 RMR,
Tec-9 | Red Quartz (Factory New),
USP-S | Black Lotus (Field-Tested),
Lieutenant Rex Krikey | SEAL Frogman,
StatTrak™ Desert Eagle | Bronze Deco (Factory New),
StatTrak™ FAMAS | Mecha Industries (Minimal Wear),
Five-SeveN | Monkey Business (Field-Tested),
StatTrak™ AK-47 | Slate (Field-Tested),
MP7 | Fade (Minimal Wear),
StatTrak™ Desert Eagle | Mecha Industries (Field-Tested),
AK-47 | Point Disarray (Field-Tested),
Revolver Case,
Desert Eagle | Blue Ply (Factory New),
M249 | Downtown (Factory New),
Sticker | FURIA (Holo) | Paris 2023,
Sticker | Vitality (Holo) | Copenhagen 2024,
Sticker | Eternal Fire | Copenhagen 2024,
Sticker | Cbbl (Holo),
Desert Eagle | Light Rail (Minimal Wear),
MAG-7 | Monster Call (Field-Tested),
Sticker | Apeks (Holo) | Paris 2023,
Sticker | PGL (Holo) | Stockholm 2021,
UMP-45 | Arctic Wolf (Factory New),
M4A1-S | Nitro (Field-Tested),
M4A1-S | Nightmare (Field-Tested),
StatTrak™ AWP | Mortis (Minimal Wear),
AK-47 | Uncharted (Factory New),
USP-S | Jawbreaker (Well-Worn),
XM1014 | Black Tie (Factory New),
MP9 | Arctic Tri-Tone (Field-Tested),
Sticker | Glare,
Sticker | Vitality (Glitter) | Copenhagen 2024,
Desert Eagle | Meteorite (Minimal Wear),
Five-SeveN | Heat Treated (Field-Tested),
M4A4 | The Emperor (Field-Tested),
Sticker | Team Liquid (Holo) | Paris 2023,
Zeus x27 | Tosai (Factory New),
MP9 | Mount Fuji (Minimal Wear),
SSG 08 | Fever Dream (Minimal Wear),
StatTrak™ Desert Eagle | Bronze Deco (Minimal Wear),
Sticker | Gold Web,
Operation Hydra Case Key,
Austin 2025 Contenders Sticker Capsule,
Desert Eagle | Serpent Strike (Field-Tested),
Glock-18 | Vogue (Field-Tested),
MP7 | Abyssal Apparition (Field-Tested),
Sticker | Cloud9 (Glitter) | Antwerp 2022,
Sticker | Clown Wig,
Sticker | Spirit (Holo) | 2020 RMR,
USP-S | Cortex (Well-Worn),
StatTrak™ AK-47 | Ice Coaled (Field-Tested),
Charm | Lil' Teacup,
M4A1-S | Fizzy POP (Factory New),
P250 | Metallic DDPAT (Factory New),
AK-47 | Elite Build (Minimal Wear),
M4A1-S | Basilisk (Minimal Wear),
MP9 | Arctic Tri-Tone (Minimal Wear),
Souvenir Glock-18 | High Beam (Factory New),
StatTrak™ SSG 08 | Abyss (Minimal Wear),
Sticker | Battle Scarred,
Sticker | Cloud9 | Copenhagen 2024,
Sticker | North (Holo) | 2020 RMR,
Sticker | Red Shades (Foil),
XM1014 | Entombed (Field-Tested),
XM1014 | Entombed (Minimal Wear),
Desert Eagle | Kumicho Dragon (Field-Tested),
Dual Berettas | Hemoglobin (Factory New),
StatTrak™ AK-47 | Elite Build (Field-Tested),
AWP | Chrome Cannon (Well-Worn),
StatTrak™ USP-S | Cortex (Field-Tested),
Sticker | Perfect World (Glitter) | Shanghai 2024,
Dragomir | Sabre,
Revolution Case,
StatTrak™ Glock-18 | Block-18 (Minimal Wear),
Sticker | Renegades (Holo) | Katowice 2019,
Sticker | Say Cheese (Holo),
USP-S | Jawbreaker (Battle-Scarred),
MAC-10 | Pipsqueak (Field-Tested),
AK-47 | Slate (Battle-Scarred),
StatTrak™ USP-S | Black Lotus (Field-Tested),
MP5-SD | Kitbash (Field-Tested),
Sticker | Bad News Eagles (Holo) | Paris 2023,
Sticker | Fnatic (Holo) | 2020 RMR,
CS20 Sticker Capsule,
PP-Bizon | Osiris (Minimal Wear),
Glock-18 | Candy Apple (Minimal Wear),
Charm | Lil' Whiskers,
Markus Delrow | FBI HRT,
Antwerp 2022 Contenders Autograph Capsule,
Charm | Lil' Squatch,
MP5-SD | Kitbash (Minimal Wear),
Sticker | Evil Geniuses (Gold) | 2020 RMR,
Sticker | PGL (Holo) | Copenhagen 2024,
StatTrak™ Glock-18 | Vogue (Minimal Wear),
StatTrak™ UMP-45 | Moonrise (Field-Tested),
★ Survival Knife | Marble Fade (Factory New),
Charm | Pocket AWP,
Sticker | Complexity Gaming (Holo) | Paris 2023,
XM1014 | Irezumi (Factory New),
Five-SeveN | Boost Protocol (Minimal Wear),
Sticker | Monte (Holo) | Paris 2023,
Dual Berettas | Hydro Strike (Minimal Wear),
Dual Berettas | Melondrama (Minimal Wear),
Sticker | Ninjas in Pyjamas (Holo) | 2020 RMR,
XM1014 | Slipstream (Factory New),
Galil AR | Firefight (Minimal Wear),
MP9 | Featherweight (Factory New),
M4A4 | Turbine (Field-Tested),
P250 | Franklin (Minimal Wear),
Sticker | 9INE (Holo) | Paris 2023,
MAC-10 | Allure (Field-Tested),
Patch | Phoenix,
SG 553 | Ol' Rusty (Factory New),
Sticker | Gambit Gaming (Holo) | Stockholm 2021,
Sticker | Grayhound Gaming (Holo) | Paris 2023,
M4A1-S | Mud-Spec (Minimal Wear),
SSG 08 | Carbon Fiber (Factory New),
Souvenir USP-S | Purple DDPAT (Field-Tested),
Sticker | FaZe Clan (Glitter) | Antwerp 2022,
SG 553 | Dragon Tech (Field-Tested),
Sticker | KOI (Glitter) | Copenhagen 2024,
Sealed Graffiti | HellRaisers | London 2018,
Community Sticker Capsule 1,
SSG 08 | Fever Dream (Factory New),
Chroma Case,
Galil AR | Connexion (Field-Tested),
P250 | Visions (Field-Tested),
Prisma 2 Case,
AK-47 | Steel Delta (Field-Tested),
Antwerp 2022 Contenders Sticker Capsule,
Dual Berettas | Flora Carnivora (Field-Tested),
Dual Berettas | Melondrama (Field-Tested),
P90 | Grim (Factory New),
Sticker | The MongolZ (Holo) | Paris 2023,
UMP-45 | Momentum (Field-Tested),
Nova | Wurst Hölle (Field-Tested),
Tec-9 | Bamboozle (Minimal Wear),
MAC-10 | Candy Apple (Factory New),
Sticker | GODSENT (Holo) | 2020 RMR,
2020 RMR Contenders,
Falchion Case,
Sticker | Complexity Gaming (Glitter) | Paris 2023,
Sticker | Evil Geniuses (Foil) | Stockholm 2021,
USP-S | Flashback (Factory New),
AWP | Acheron (Field-Tested),
Glock-18 | Candy Apple (Field-Tested),
Glock-18 | Wasteland Rebel (Minimal Wear),
MP9 | Bioleak (Factory New),
Sticker | Natus Vincere (Gold) | 2020 RMR,
AWP | Phobos (Factory New),
M4A4 | Spider Lily (Minimal Wear),
Nova | Candy Apple (Factory New),
Sergeant Bombson | SWAT,
Sticker | Virtus.pro (Gold) | 2020 RMR,
"Sticker | ZywOo (Holo, Champion) | Paris 2023",
Stockholm 2021 Champions Autograph Capsule,
Glock-18 | Ocean Topo (Minimal Wear),
Sticker | Virtus.pro (Holo) | Copenhagen 2024,
AK-47 | Slate (Field-Tested),
Shanghai 2024 Challengers Sticker Capsule,
Sticker | FURIA (Holo) | 2020 RMR,
Sticker | FaZe Clan (Glitter) | Copenhagen 2024,
Sticker | Imperial Esports (Glitter) | Antwerp 2022,
USP-S | Ticket to Hell (Field-Tested),
StatTrak™ Desert Eagle | Blue Ply (Field-Tested),
USP-S | Neo-Noir (Field-Tested),
Five-SeveN | Violent Daimyo (Minimal Wear),
P90 | Vent Rush (Field-Tested),
Galil AR | NV (Factory New),
Glock-18 | Moonrise (Field-Tested),
Sticker | Lynn Vision (Glitter) | Copenhagen 2024,
Sticker | Web Stuck (Holo),
Zeus x27 | Tosai (Field-Tested),
P250 | Franklin (Field-Tested),
Sticker | 100 Thieves (Holo) | 2020 RMR,
Galil AR | Green Apple (Factory New),
P250 | Muertos (Minimal Wear),
Sawed-Off | Analog Input (Field-Tested),
Sticker | Vitality (Foil) | 2020 RMR,
SG 553 | Aloha (Factory New),
Sticker | Fluxo (Glitter) | Paris 2023,
Sticker | Chompers,
Sticker | G2 Esports (Holo) | Paris 2023,
Glock-18 | Winterized (Factory New),
AK-47 | Elite Build (Field-Tested),
Charm | Lil' Ava,
Five-SeveN | Angry Mob (Field-Tested),
Galil AR | Metallic Squeezer (Minimal Wear),
StatTrak™ P250 | Supernova (Minimal Wear),
StatTrak™ USP-S | PC-GRN (Field-Tested),
Sticker | HooXi (Glitter) | Copenhagen 2024,
Sticker | Mastermind,
Sticker | ropz (Glitter) | Shanghai 2024,
USP-S | Alpine Camo (Field-Tested),
AWP | PAW (Minimal Wear),
StatTrak™ MAC-10 | Sakkaku (Field-Tested),
M4A4 | Tooth Fairy (Field-Tested),
Sticker | Copenhagen Flames (Glitter) | Antwerp 2022,
USP-S | Cyrex (Field-Tested),
AWP | PAW (Factory New),
AWP | Phobos (Minimal Wear),
Sticker | DreamEaters | Berlin 2019,
Horizon Case,
StatTrak™ AK-47 | Uncharted (Field-Tested),
Patch | Shattered Web,
Sticker | Hydro Stream,
Copenhagen 2024 Champions Autograph Capsule,
Desert Eagle | Crimson Web (Field-Tested),
M4A4 | Urban DDPAT (Minimal Wear),
MP7 | Anodized Navy (Factory New),
AWP | Mortis (Minimal Wear),
Charm | Lil' Sandy,
Sawed-Off | Spirit Board (Factory New),
Sticker | Into The Breach (Holo) | Paris 2023,
Sticker | Co Co Co,
Sticker | Team Spirit (Glitter) | Copenhagen 2024,
AK-47 | The Empress (Well-Worn),
MAG-7 | Foresight (Factory New),
Sticker | MOUZ (Glitter) | Paris 2023,
MP9 | Ruby Poison Dart (Factory New),
Shanghai 2024 Champions Autograph Capsule,
Sticker | Imperial Esports (Holo) | Copenhagen 2024,
Sticker | MOUZ (Glitter) | Copenhagen 2024,
Sticker | Vitality (Holo) | 2020 RMR,
M249 | Downtown (Field-Tested),
Nova | Wurst Hölle (Minimal Wear),
Paris 2023 Legends Sticker Capsule,
R8 Revolver | Crazy 8 (Field-Tested),
Rio 2022 Legends Sticker Capsule,
SSG 08 | Fever Dream (Field-Tested),
Sticker | FlyQuest (Glitter) | Shanghai 2024,
Sticker | Spirit (Foil) | 2020 RMR,
SCAR-20 | Carbon Fiber (Factory New),
MP9 | Army Sheen (Factory New),
Sticker | Into The Breach (Gold) | Paris 2023,
Sticker | frozen | Berlin 2019,
USP-S | Flashback (Minimal Wear),
Five-SeveN | Silver Quartz (Factory New),
Galil AR | Metallic Squeezer (Field-Tested),
MAC-10 | Sakkaku (Field-Tested),
MAC-10 | Silver (Factory New),
Sticker | Coiled Strike,
Sticker | Complexity Gaming (Glitter) | Shanghai 2024,
XM1014 | Zombie Offensive (Factory New),
M4A4 | Etch Lord (Field-Tested),
SSG 08 | Hand Brake (Minimal Wear),
Sticker | Virtus.pro (Holo) | 2020 RMR,
Sticker | ZywOo (Glitter) | Copenhagen 2024,
AK-47 | Elite Build (Well-Worn),
AWP | Capillary (Minimal Wear),
Copenhagen 2024 Legends Sticker Capsule,
Galil AR | Rocket Pop (Minimal Wear),
P250 | Nevermore (Minimal Wear),
P90 | Wave Breaker (Field-Tested),
Rio 2022 Champions Autograph Capsule,
SG 553 | Anodized Navy (Factory New),
Sticker | G2 Esports (Glitter) | Copenhagen 2024,
Sticker | Ribbon Tie,
UMP-45 | Carbon Fiber (Factory New),
R8 Revolver | Amber Fade (Minimal Wear),
SSG 08 | Zeno (Field-Tested),
StatTrak™ Glock-18 | Block-18 (Field-Tested),
P90 | Wave Breaker (Minimal Wear),
Sticker | Conspiracy Club (Holo),
UMP-45 | Wild Child (Field-Tested),
M4A4 | Converter (Minimal Wear),
USP-S | 27 (Minimal Wear),
AUG | Surveillance (Factory New),
M4A1-S | Night Terror (Battle-Scarred),
P2000 | Wicked Sick (Field-Tested),
AK-47 | Olive Polycam (Minimal Wear),
SSG 08 | Abyss (Minimal Wear),
Antwerp 2022 Legends Sticker Capsule,
Sticker | Ninjas in Pyjamas (Holo) | Paris 2023,
Sticker | donk | Shanghai 2024,
AK-47 | Emerald Pinstripe (Field-Tested),
AWP | PAW (Field-Tested),
Sticker | Heroic (Glitter) | Copenhagen 2024,
"Sticker | ZywOo (Glitter, Champion) | Paris 2023",
Galil AR | Control (Field-Tested),
MP7 | Abyssal Apparition (Minimal Wear),
StatTrak™ SSG 08 | Fever Dream (Factory New),
Sticker | Team Spirit (Glitter) | Shanghai 2024,
SG 553 | Dragon Tech (Factory New),
Sticker | Heroic (Holo) | Paris 2023,
AK-47 | Searing Rage (Battle-Scarred),
P2000 | Amber Fade (Field-Tested),
Sticker | Dreams And Mimics,
Sticker | OG (Foil) | 2020 RMR,
AK-47 | Neon Revolution (Field-Tested),
M4A4 | In Living Color (Minimal Wear),
AWP | Neo-Noir (Field-Tested),
USP-S | Printstream (Field-Tested),
AWP | Neo-Noir (Minimal Wear),
Glock-18 | Neo-Noir (Minimal Wear),
Aces High Pin,
StatTrak™ M4A1-S | Black Lotus (Field-Tested),
AK-47 | The Empress (Field-Tested),
AWP | Wildfire (Field-Tested),
Krakow 2017 Legends Autograph Capsule,
UMP-45 | Neo-Noir (Minimal Wear),
StatTrak™ Desert Eagle | Light Rail (Minimal Wear),
StatTrak™ SSG 08 | Fever Dream (Minimal Wear),
AK-47 | Blue Laminate (Minimal Wear),
Desert Eagle | Night Heist (Factory New),
MP7 | Cirrus (Factory New),
"Music Kit | ISOxo, inhuman",
M4A1-S | Player Two (Field-Tested),
StatTrak™ USP-S | Flashback (Factory New),
Chem-Haz Specialist | SWAT,
Patch | Metal The Global Elite,
M4A4 | Turbine (Minimal Wear),
Krakow 2017 Legends Autograph Capsule,
M4A4 | Magnesium (Factory New),
MAG-7 | SWAG-7 (Minimal Wear),
Sticker | Boom Blast (Glitter),
Sticker | Bolt Strike (Foil),
MAC-10 | Light Box (Factory New),
Sticker | Dragon Lore (Foil),
Sticker | Boom Detonation (Glitter),
Sticker | Fnatic (Holo) | Paris 2023,
Sticker | Coiled Strike (Holo),
Sticker | Cloud9 (Glitter) | Copenhagen 2024,
Sticker | Zeusception (Holo),
Sticker | Fluxo (Holo) | Paris 2023,
Sticker | Wildcard (Glitter) | Shanghai 2024,
Sticker | s1mple (Holo) | Stockholm 2021,
Sticker | Boom Trail,
Sticker | MOUZ (Holo) | Paris 2023,